SPOT :timeStamp:,SPOT :volume:,SPOT :close:,SPOT :high:,SPOT :low:,SPOT :open:,SPOT :close:,SPOT :oi:,CURRENT :timeStamp:,CURRENT :volume:,CURRENT :close:,CURRENT :high:,CURRENT :low:,CURRENT :open:,CURRENT :close:,CURRENT :oi:,NEXT :timeStamp:,NEXT :volume:,NEXT :close:,NEXT :high:,NEXT :low:,NEXT :open:,NEXT :close:,NEXT :oi:
2021-04-08T09:15:00+0530,219972,214.45,215.0,214.15,214.85,214.45,0,2021-04-08T09:15:00+0530,176000,215.65,215.85,215.3,215.3,215.65,108076800,2021-04-08T09:15:00+0530,3200,215.3,215.65,215.3,215.65,215.3,7507200
2021-04-08T09:16:00+0530,129329,214.5,214.6,214.3,214.4,214.5,0,2021-04-08T09:16:00+0530,163200,215.9,215.9,215.6,215.75,215.9,108076800,2021-04-08T09:16:00+0530,9600,215.25,215.25,215.25,215.25,215.25,7507200
2021-04-08T09:17:00+0530,190107,214.4,214.85,214.4,214.5,214.4,0,2021-04-08T09:17:00+0530,220800,215.7,216.15,215.65,215.9,215.7,108128000,2021-04-08T09:17:00+0530,6400,215.5,215.55,215.5,215.55,215.5,7510400
2021-04-08T09:18:00+0530,65370,214.6,214.65,214.5,214.55,214.6,0,2021-04-08T09:18:00+0530,44800,215.75,215.85,215.7,215.75,215.75,108128000,2021-04-08T09:18:00+0530,3200,215.35,215.5,215.35,215.35,215.35,7510400
2021-04-08T09:19:00+0530,68858,214.75,214.85,214.55,214.6,214.75,0,2021-04-08T09:19:00+0530,70400,216.0,216.05,215.85,215.85,216.0,108128000,2021-04-08T09:19:00+0530,6400,215.5,215.5,215.35,215.35,215.5,7510400
2021-04-08T09:20:00+0530,136580,215.1,215.2,214.75,214.75,215.1,0,2021-04-08T09:20:00+0530,147200,216.15,216.35,215.95,215.95,216.15,108169600,2021-04-08T09:20:00+0530,12800,215.75,215.75,215.5,215.5,215.75,7510400
2021-04-08T09:21:00+0530,120745,214.65,215.05,214.65,215.05,214.65,0,2021-04-08T09:21:00+0530,99200,215.95,216.3,215.9,216.15,215.95,108169600,2021-04-08T09:21:00+0530,28800,215.5,215.8,215.5,215.75,215.5,7510400
2021-04-08T09:22:00+0530,101568,214.5,214.9,214.5,214.65,214.5,0,2021-04-08T09:22:00+0530,86400,215.7,216.1,215.7,215.95,215.7,108169600,2021-04-08T09:22:00+0530,3200,215.4,215.5,215.4,215.5,215.4,7510400
2021-04-08T09:23:00+0530,79044,214.65,214.7,214.5,214.65,214.65,0,2021-04-08T09:23:00+0530,115200,215.85,215.9,215.75,215.75,215.85,108252800,2021-04-08T09:23:00+0530,3200,215.4,215.4,215.4,215.4,215.4,7510400
2021-04-08T09:24:00+0530,39369,214.55,214.7,214.5,214.65,214.55,0,2021-04-08T09:24:00+0530,19200,215.9,215.9,215.75,215.75,215.9,108252800,2021-04-08T09:24:00+0530,0,215.4,215.4,215.4,215.4,215.4,7510400
2021-04-08T09:25:00+0530,24799,214.75,214.8,214.55,214.65,214.75,0,2021-04-08T09:25:00+0530,16000,215.85,215.9,215.75,215.9,215.85,108252800,2021-04-08T09:25:00+0530,0,215.4,215.4,215.4,215.4,215.4,7510400
2021-04-08T09:26:00+0530,101785,214.9,215.0,214.5,214.7,214.9,0,2021-04-08T09:26:00+0530,160000,216.05,216.15,215.8,215.8,216.05,108240000,2021-04-08T09:26:00+0530,0,215.4,215.4,215.4,215.4,215.4,7510400
2021-04-08T09:27:00+0530,140966,215.05,215.2,214.85,214.9,215.05,0,2021-04-08T09:27:00+0530,153600,216.15,216.35,216.05,216.05,216.15,108240000,2021-04-08T09:27:00+0530,3200,215.75,215.75,215.4,215.4,215.75,7507200
2021-04-08T09:28:00+0530,71898,215.1,215.15,215.0,215.05,215.1,0,2021-04-08T09:28:00+0530,156800,216.25,216.45,216.15,216.15,216.25,108240000,2021-04-08T09:28:00+0530,0,215.75,215.75,215.75,215.75,215.75,7507200
2021-04-08T09:29:00+0530,102066,215.15,215.2,215.0,215.1,215.15,0,2021-04-08T09:29:00+0530,48000,216.35,216.4,216.25,216.25,216.35,108374400,2021-04-08T09:29:00+0530,0,215.75,215.75,215.75,215.75,215.75,7507200
2021-04-08T09:30:00+0530,173173,215.45,215.6,215.05,215.2,215.45,0,2021-04-08T09:30:00+0530,288000,216.7,216.7,216.35,216.35,216.7,108374400,2021-04-08T09:30:00+0530,9600,216.3,216.3,215.75,215.75,216.3,7504000
2021-04-08T09:31:00+0530,172203,215.45,215.75,215.35,215.6,215.45,0,2021-04-08T09:31:00+0530,227200,216.55,216.8,216.55,216.7,216.55,108374400,2021-04-08T09:31:00+0530,9600,216.25,216.4,216.25,216.3,216.25,7504000
2021-04-08T09:32:00+0530,72012,215.4,215.55,215.35,215.4,215.4,0,2021-04-08T09:32:00+0530,28800,216.35,216.6,216.35,216.55,216.35,108460800,2021-04-08T09:32:00+0530,3200,216.25,216.25,216.25,216.25,216.25,7504000
2021-04-08T09:33:00+0530,44294,215.55,215.6,215.4,215.4,215.55,0,2021-04-08T09:33:00+0530,172800,216.65,216.7,216.4,216.5,216.65,108460800,2021-04-08T09:33:00+0530,0,216.25,216.25,216.25,216.25,216.25,7504000
2021-04-08T09:34:00+0530,75287,215.55,215.65,215.4,215.55,215.55,0,2021-04-08T09:34:00+0530,336000,216.7,216.8,216.5,216.65,216.7,108460800,2021-04-08T09:34:00+0530,6400,216.1,216.25,216.1,216.25,216.1,7504000
2021-04-08T09:35:00+0530,58452,215.5,215.55,215.4,215.5,215.5,0,2021-04-08T09:35:00+0530,38400,216.55,216.7,216.55,216.7,216.55,108534400,2021-04-08T09:35:00+0530,6400,216.35,216.35,216.1,216.1,216.35,7504000
2021-04-08T09:36:00+0530,38668,215.6,215.6,215.45,215.55,215.6,0,2021-04-08T09:36:00+0530,38400,216.7,216.7,216.5,216.55,216.7,108534400,2021-04-08T09:36:00+0530,3200,216.2,216.35,216.2,216.35,216.2,7504000
2021-04-08T09:37:00+0530,25597,215.5,215.6,215.5,215.6,215.5,0,2021-04-08T09:37:00+0530,32000,216.65,216.7,216.55,216.7,216.65,108534400,2021-04-08T09:37:00+0530,0,216.2,216.2,216.2,216.2,216.2,7504000
2021-04-08T09:38:00+0530,25436,215.6,215.6,215.5,215.6,215.6,0,2021-04-08T09:38:00+0530,19200,216.6,216.7,216.5,216.6,216.6,108547200,2021-04-08T09:38:00+0530,3200,216.2,216.2,216.2,216.2,216.2,7504000
2021-04-08T09:39:00+0530,115665,215.35,215.6,215.3,215.6,215.35,0,2021-04-08T09:39:00+0530,54400,216.5,216.65,216.4,216.6,216.5,108547200,2021-04-08T09:39:00+0530,9600,216.05,216.2,216.05,216.2,216.05,7507200
2021-04-08T09:40:00+0530,283667,215.5,216.1,215.3,215.45,215.5,0,2021-04-08T09:40:00+0530,313600,216.55,217.0,216.5,216.5,216.55,108547200,2021-04-08T09:40:00+0530,9600,216.5,216.5,216.05,216.35,216.5,7507200
2021-04-08T09:41:00+0530,69532,215.5,215.75,215.4,215.7,215.5,0,2021-04-08T09:41:00+0530,48000,216.4,216.6,216.4,216.55,216.4,108512000,2021-04-08T09:41:00+0530,6400,216.0,216.3,216.0,216.3,216.0,7510400
2021-04-08T09:42:00+0530,41535,215.45,215.55,215.4,215.45,215.45,0,2021-04-08T09:42:00+0530,25600,216.45,216.45,216.4,216.4,216.45,108512000,2021-04-08T09:42:00+0530,6400,216.0,216.0,216.0,216.0,216.0,7510400
2021-04-08T09:43:00+0530,36402,215.4,215.55,215.4,215.5,215.4,0,2021-04-08T09:43:00+0530,54400,216.45,216.6,216.45,216.45,216.45,108512000,2021-04-08T09:43:00+0530,6400,216.2,216.2,216.0,216.0,216.2,7510400
2021-04-08T09:44:00+0530,79384,215.0,215.5,215.0,215.4,215.0,0,2021-04-08T09:44:00+0530,96000,216.1,216.45,216.1,216.45,216.1,108508800,2021-04-08T09:44:00+0530,3200,216.0,216.2,216.0,216.2,216.0,7510400
2021-04-08T09:45:00+0530,109581,215.1,215.25,214.85,215.05,215.1,0,2021-04-08T09:45:00+0530,160000,216.2,216.2,216.0,216.1,216.2,108508800,2021-04-08T09:45:00+0530,6400,215.65,215.8,215.65,215.8,215.65,7516800
2021-04-08T09:46:00+0530,28257,215.15,215.2,215.1,215.2,215.15,0,2021-04-08T09:46:00+0530,9600,216.3,216.3,216.2,216.2,216.3,108508800,2021-04-08T09:46:00+0530,0,215.65,215.65,215.65,215.65,215.65,7516800
2021-04-08T09:47:00+0530,30056,215.2,215.3,215.15,215.15,215.2,0,2021-04-08T09:47:00+0530,6400,216.25,216.3,216.25,216.3,216.25,108451200,2021-04-08T09:47:00+0530,0,215.65,215.65,215.65,215.65,215.65,7516800
2021-04-08T09:48:00+0530,122727,214.8,215.3,214.8,215.2,214.8,0,2021-04-08T09:48:00+0530,89600,216.0,216.3,216.0,216.25,216.0,108451200,2021-04-08T09:48:00+0530,0,215.65,215.65,215.65,215.65,215.65,7513600
2021-04-08T09:49:00+0530,100609,214.8,215.0,214.65,214.8,214.8,0,2021-04-08T09:49:00+0530,176000,215.9,216.0,215.75,216.0,215.9,108451200,2021-04-08T09:49:00+0530,6400,215.65,215.65,215.65,215.65,215.65,7513600
2021-04-08T09:50:00+0530,29838,214.75,214.9,214.75,214.9,214.75,0,2021-04-08T09:50:00+0530,38400,215.9,216.0,215.85,215.9,215.9,108534400,2021-04-08T09:50:00+0530,0,215.65,215.65,215.65,215.65,215.65,7513600
2021-04-08T09:51:00+0530,38295,214.75,214.85,214.7,214.8,214.75,0,2021-04-08T09:51:00+0530,32000,215.9,215.95,215.9,215.9,215.9,108534400,2021-04-08T09:51:00+0530,0,215.65,215.65,215.65,215.65,215.65,7513600
2021-04-08T09:52:00+0530,46150,214.85,214.9,214.7,214.75,214.85,0,2021-04-08T09:52:00+0530,32000,216.0,216.0,215.85,215.9,216.0,108534400,2021-04-08T09:52:00+0530,12800,215.75,215.75,215.45,215.65,215.75,7516800
2021-04-08T09:53:00+0530,24607,214.9,215.0,214.85,214.85,214.9,0,2021-04-08T09:53:00+0530,9600,216.15,216.15,216.0,216.05,216.15,108534400,2021-04-08T09:53:00+0530,3200,215.8,215.8,215.75,215.75,215.8,7516800
2021-04-08T09:54:00+0530,21783,215.0,215.15,214.9,215.0,215.0,0,2021-04-08T09:54:00+0530,35200,216.15,216.25,216.1,216.1,216.15,108556800,2021-04-08T09:54:00+0530,3200,215.95,215.95,215.8,215.8,215.95,7516800
2021-04-08T09:55:00+0530,33802,214.95,215.05,214.9,215.05,214.95,0,2021-04-08T09:55:00+0530,28800,216.1,216.2,216.1,216.15,216.1,108556800,2021-04-08T09:55:00+0530,0,215.95,215.95,215.95,215.95,215.95,7516800
2021-04-08T09:56:00+0530,19227,215.0,215.0,214.9,214.9,215.0,0,2021-04-08T09:56:00+0530,9600,216.1,216.1,216.1,216.1,216.1,108592000,2021-04-08T09:56:00+0530,0,215.95,215.95,215.95,215.95,215.95,7516800
2021-04-08T09:57:00+0530,24242,214.8,215.0,214.8,215.0,214.8,0,2021-04-08T09:57:00+0530,6400,216.15,216.15,216.1,216.1,216.15,108592000,2021-04-08T09:57:00+0530,3200,215.8,215.8,215.8,215.8,215.8,7516800
2021-04-08T09:58:00+0530,48953,214.8,214.95,214.75,214.8,214.8,0,2021-04-08T09:58:00+0530,3200,216.05,216.15,216.05,216.15,216.05,108592000,2021-04-08T09:58:00+0530,3200,215.75,215.8,215.75,215.8,215.75,7516800
2021-04-08T09:59:00+0530,15096,214.8,214.9,214.8,214.85,214.8,0,2021-04-08T09:59:00+0530,3200,216.05,216.05,216.05,216.05,216.05,108595200,2021-04-08T09:59:00+0530,0,215.75,215.75,215.75,215.75,215.75,7516800
2021-04-08T10:00:00+0530,37110,214.95,215.1,214.8,214.8,214.95,0,2021-04-08T10:00:00+0530,64000,216.3,216.3,216.0,216.05,216.3,108595200,2021-04-08T10:00:00+0530,3200,215.75,215.75,215.75,215.75,215.75,7520000
2021-04-08T10:01:00+0530,23218,215.0,215.1,214.95,215.0,215.0,0,2021-04-08T10:01:00+0530,41600,216.35,216.4,216.25,216.3,216.35,108595200,2021-04-08T10:01:00+0530,9600,215.85,216.0,215.75,215.75,215.85,7520000
2021-04-08T10:02:00+0530,43939,215.2,215.3,215.05,215.05,215.2,0,2021-04-08T10:02:00+0530,25600,216.4,216.45,216.35,216.35,216.4,108598400,2021-04-08T10:02:00+0530,0,215.85,215.85,215.85,215.85,215.85,7520000
2021-04-08T10:03:00+0530,17345,215.05,215.25,215.05,215.25,215.05,0,2021-04-08T10:03:00+0530,16000,216.35,216.45,216.35,216.4,216.35,108598400,2021-04-08T10:03:00+0530,0,215.85,215.85,215.85,215.85,215.85,7520000
2021-04-08T10:04:00+0530,27989,215.3,215.3,215.05,215.15,215.3,0,2021-04-08T10:04:00+0530,41600,216.55,216.55,216.35,216.35,216.55,108598400,2021-04-08T10:04:00+0530,3200,216.0,216.0,215.85,215.85,216.0,7520000
2021-04-08T10:05:00+0530,34731,215.15,215.35,215.1,215.3,215.15,0,2021-04-08T10:05:00+0530,35200,216.5,216.6,216.45,216.55,216.5,108608000,2021-04-08T10:05:00+0530,0,216.0,216.0,216.0,216.0,216.0,7520000
2021-04-08T10:06:00+0530,21261,215.1,215.2,215.05,215.1,215.1,0,2021-04-08T10:06:00+0530,9600,216.3,216.5,216.3,216.5,216.3,108608000,2021-04-08T10:06:00+0530,12800,216.0,216.0,216.0,216.0,216.0,7516800
2021-04-08T10:07:00+0530,9922,215.1,215.2,215.05,215.1,215.1,0,2021-04-08T10:07:00+0530,9600,216.4,216.4,216.3,216.3,216.4,108608000,2021-04-08T10:07:00+0530,6400,216.0,216.0,216.0,216.0,216.0,7516800
2021-04-08T10:08:00+0530,13974,215.15,215.2,215.05,215.1,215.15,0,2021-04-08T10:08:00+0530,3200,216.4,216.4,216.4,216.4,216.4,108608000,2021-04-08T10:08:00+0530,3200,216.0,216.0,216.0,216.0,216.0,7516800
2021-04-08T10:09:00+0530,14609,215.1,215.15,215.05,215.1,215.1,0,2021-04-08T10:09:00+0530,16000,216.25,216.4,216.25,216.4,216.25,108627200,2021-04-08T10:09:00+0530,3200,215.85,216.0,215.85,216.0,215.85,7529600
2021-04-08T10:10:00+0530,137816,214.9,215.15,214.65,215.05,214.9,0,2021-04-08T10:10:00+0530,73600,216.15,216.35,216.0,216.35,216.15,108627200,2021-04-08T10:10:00+0530,9600,215.8,215.85,215.8,215.85,215.8,7529600
2021-04-08T10:11:00+0530,21249,214.9,214.95,214.8,214.85,214.9,0,2021-04-08T10:11:00+0530,12800,216.15,216.2,216.1,216.15,216.15,108652800,2021-04-08T10:11:00+0530,0,215.8,215.8,215.8,215.8,215.8,7529600
2021-04-08T10:12:00+0530,27413,214.95,215.0,214.85,214.9,214.95,0,2021-04-08T10:12:00+0530,25600,216.25,216.25,216.15,216.15,216.25,108652800,2021-04-08T10:12:00+0530,9600,215.95,215.95,215.8,215.8,215.95,7529600
2021-04-08T10:13:00+0530,26409,214.8,214.95,214.8,214.95,214.8,0,2021-04-08T10:13:00+0530,28800,216.05,216.3,216.05,216.25,216.05,108652800,2021-04-08T10:13:00+0530,0,215.95,215.95,215.95,215.95,215.95,7529600
2021-04-08T10:14:00+0530,63159,214.65,214.9,214.55,214.85,214.65,0,2021-04-08T10:14:00+0530,25600,215.95,216.05,215.9,216.05,215.95,108646400,2021-04-08T10:14:00+0530,25600,215.6,215.95,215.6,215.95,215.6,7552000
2021-04-08T10:15:00+0530,30281,214.65,214.8,214.6,214.65,214.65,0,2021-04-08T10:15:00+0530,99200,215.9,216.15,215.9,215.95,215.9,108646400,2021-04-08T10:15:00+0530,0,215.6,215.6,215.6,215.6,215.6,7552000
2021-04-08T10:16:00+0530,50916,214.7,214.75,214.6,214.7,214.7,0,2021-04-08T10:16:00+0530,67200,216.0,216.05,215.85,215.95,216.0,108646400,2021-04-08T10:16:00+0530,0,215.6,215.6,215.6,215.6,215.6,7552000
2021-04-08T10:17:00+0530,19363,214.8,214.8,214.55,214.65,214.8,0,2021-04-08T10:17:00+0530,22400,216.0,216.0,215.95,216.0,216.0,108636800,2021-04-08T10:17:00+0530,0,215.6,215.6,215.6,215.6,215.6,7552000
2021-04-08T10:18:00+0530,21023,214.75,214.75,214.65,214.7,214.75,0,2021-04-08T10:18:00+0530,16000,216.0,216.0,215.95,216.0,216.0,108636800,2021-04-08T10:18:00+0530,0,215.6,215.6,215.6,215.6,215.6,7552000
2021-04-08T10:19:00+0530,19346,214.8,214.9,214.7,214.7,214.8,0,2021-04-08T10:19:00+0530,28800,216.2,216.2,216.0,216.0,216.2,108636800,2021-04-08T10:19:00+0530,0,215.6,215.6,215.6,215.6,215.6,7552000
2021-04-08T10:20:00+0530,33091,214.8,214.9,214.75,214.85,214.8,0,2021-04-08T10:20:00+0530,19200,216.0,216.25,216.0,216.2,216.0,108636800,2021-04-08T10:20:00+0530,0,215.6,215.6,215.6,215.6,215.6,7552000
2021-04-08T10:21:00+0530,10884,214.8,214.8,214.7,214.75,214.8,0,2021-04-08T10:21:00+0530,38400,216.0,216.05,216.0,216.0,216.0,108672000,2021-04-08T10:21:00+0530,0,215.6,215.6,215.6,215.6,215.6,7552000
2021-04-08T10:22:00+0530,41505,214.65,214.85,214.6,214.75,214.65,0,2021-04-08T10:22:00+0530,64000,215.95,216.1,215.95,216.0,215.95,108672000,2021-04-08T10:22:00+0530,0,215.6,215.6,215.6,215.6,215.6,7552000
2021-04-08T10:23:00+0530,13712,214.7,214.75,214.6,214.7,214.7,0,2021-04-08T10:23:00+0530,16000,216.0,216.0,215.95,215.95,216.0,108688000,2021-04-08T10:23:00+0530,6400,215.7,215.7,215.6,215.6,215.7,7564800
2021-04-08T10:24:00+0530,11988,214.65,214.75,214.65,214.7,214.65,0,2021-04-08T10:24:00+0530,19200,216.0,216.0,216.0,216.0,216.0,108688000,2021-04-08T10:24:00+0530,0,215.7,215.7,215.7,215.7,215.7,7564800
2021-04-08T10:25:00+0530,11952,214.6,214.75,214.6,214.65,214.6,0,2021-04-08T10:25:00+0530,0,216.0,216.0,216.0,216.0,216.0,108688000,2021-04-08T10:25:00+0530,0,215.7,215.7,215.7,215.7,215.7,7564800
2021-04-08T10:26:00+0530,20264,214.6,214.7,214.6,214.6,214.6,0,2021-04-08T10:26:00+0530,6400,215.95,216.0,215.95,216.0,215.95,108684800,2021-04-08T10:26:00+0530,0,215.7,215.7,215.7,215.7,215.7,7564800
2021-04-08T10:27:00+0530,20484,214.7,214.7,214.6,214.6,214.7,0,2021-04-08T10:27:00+0530,35200,216.0,216.05,215.95,215.95,216.0,108684800,2021-04-08T10:27:00+0530,3200,215.75,215.75,215.7,215.7,215.75,7568000
2021-04-08T10:28:00+0530,7735,214.65,214.75,214.65,214.7,214.65,0,2021-04-08T10:28:00+0530,6400,216.05,216.05,216.0,216.0,216.05,108684800,2021-04-08T10:28:00+0530,3200,215.7,215.75,215.7,215.75,215.7,7568000
2021-04-08T10:29:00+0530,20145,214.7,214.8,214.65,214.65,214.7,0,2021-04-08T10:29:00+0530,86400,216.0,216.15,216.0,216.05,216.0,108710400,2021-04-08T10:29:00+0530,12800,215.75,215.75,215.7,215.7,215.75,7571200
2021-04-08T10:30:00+0530,56969,214.9,214.95,214.7,214.7,214.9,0,2021-04-08T10:30:00+0530,92800,216.1,216.25,216.0,216.0,216.1,108710400,2021-04-08T10:30:00+0530,6400,215.75,215.75,215.7,215.75,215.75,7571200
2021-04-08T10:31:00+0530,13234,214.85,214.9,214.7,214.9,214.85,0,2021-04-08T10:31:00+0530,70400,216.05,216.25,216.05,216.1,216.05,108710400,2021-04-08T10:31:00+0530,0,215.75,215.75,215.75,215.75,215.75,7571200
2021-04-08T10:32:00+0530,6039,214.75,214.85,214.7,214.8,214.75,0,2021-04-08T10:32:00+0530,0,216.05,216.05,216.05,216.05,216.05,108710400,2021-04-08T10:32:00+0530,0,215.75,215.75,215.75,215.75,215.75,7571200
2021-04-08T10:33:00+0530,25744,214.75,214.85,214.75,214.75,214.75,0,2021-04-08T10:33:00+0530,57600,216.05,216.15,216.05,216.05,216.05,108716800,2021-04-08T10:33:00+0530,3200,215.85,215.85,215.75,215.75,215.85,7580800
2021-04-08T10:34:00+0530,46800,214.8,214.9,214.7,214.7,214.8,0,2021-04-08T10:34:00+0530,67200,216.15,216.2,216.05,216.05,216.15,108716800,2021-04-08T10:34:00+0530,0,215.85,215.85,215.85,215.85,215.85,7580800
2021-04-08T10:35:00+0530,31430,215.0,215.0,214.8,214.8,215.0,0,2021-04-08T10:35:00+0530,60800,216.25,216.3,216.15,216.15,216.25,108716800,2021-04-08T10:35:00+0530,0,215.85,215.85,215.85,215.85,215.85,7580800
2021-04-08T10:36:00+0530,13229,214.9,215.0,214.9,214.95,214.9,0,2021-04-08T10:36:00+0530,12800,216.2,216.3,216.2,216.2,216.2,108739200,2021-04-08T10:36:00+0530,0,215.85,215.85,215.85,215.85,215.85,7580800
2021-04-08T10:37:00+0530,8534,214.95,215.0,214.9,214.95,214.95,0,2021-04-08T10:37:00+0530,6400,216.2,216.2,216.2,216.2,216.2,108739200,2021-04-08T10:37:00+0530,0,215.85,215.85,215.85,215.85,215.85,7580800
2021-04-08T10:38:00+0530,77084,214.7,215.0,214.65,214.9,214.7,0,2021-04-08T10:38:00+0530,28800,216.05,216.3,216.05,216.2,216.05,108748800,2021-04-08T10:38:00+0530,3200,215.85,215.85,215.85,215.85,215.85,7584000
2021-04-08T10:39:00+0530,18078,214.7,214.9,214.65,214.75,214.7,0,2021-04-08T10:39:00+0530,9600,216.15,216.2,216.05,216.05,216.15,108748800,2021-04-08T10:39:00+0530,3200,215.85,215.85,215.85,215.85,215.85,7584000
2021-04-08T10:40:00+0530,10927,214.75,214.8,214.65,214.75,214.75,0,2021-04-08T10:40:00+0530,19200,216.15,216.15,216.0,216.15,216.15,108748800,2021-04-08T10:40:00+0530,0,215.85,215.85,215.85,215.85,215.85,7584000
2021-04-08T10:41:00+0530,11059,214.9,214.9,214.75,214.75,214.9,0,2021-04-08T10:41:00+0530,16000,216.15,216.2,216.15,216.15,216.15,108748800,2021-04-08T10:41:00+0530,6400,215.85,215.85,215.85,215.85,215.85,7584000
2021-04-08T10:42:00+0530,22294,214.75,215.0,214.7,214.85,214.75,0,2021-04-08T10:42:00+0530,128000,216.0,216.3,216.0,216.15,216.0,108736000,2021-04-08T10:42:00+0530,3200,215.85,215.85,215.85,215.85,215.85,7584000
2021-04-08T10:43:00+0530,14385,214.8,214.85,214.7,214.7,214.8,0,2021-04-08T10:43:00+0530,32000,216.05,216.05,216.0,216.0,216.05,108736000,2021-04-08T10:43:00+0530,3200,215.75,215.85,215.75,215.85,215.75,7584000
2021-04-08T10:44:00+0530,29824,214.8,214.9,214.7,214.8,214.8,0,2021-04-08T10:44:00+0530,19200,216.1,216.1,216.0,216.05,216.1,108726400,2021-04-08T10:44:00+0530,9600,215.7,215.8,215.7,215.75,215.7,7584000
2021-04-08T10:45:00+0530,30171,214.6,214.85,214.6,214.75,214.6,0,2021-04-08T10:45:00+0530,80000,215.9,216.1,215.9,216.1,215.9,108726400,2021-04-08T10:45:00+0530,0,215.7,215.7,215.7,215.7,215.7,7584000
2021-04-08T10:46:00+0530,154367,214.25,214.7,214.25,214.6,214.25,0,2021-04-08T10:46:00+0530,112000,215.65,215.95,215.65,215.9,215.65,108726400,2021-04-08T10:46:00+0530,9600,215.35,215.7,215.35,215.7,215.35,7596800
2021-04-08T10:47:00+0530,33066,214.4,214.45,214.2,214.2,214.4,0,2021-04-08T10:47:00+0530,25600,215.7,215.8,215.65,215.65,215.7,108745600,2021-04-08T10:47:00+0530,0,215.35,215.35,215.35,215.35,215.35,7596800
2021-04-08T10:48:00+0530,57291,214.4,214.4,214.3,214.3,214.4,0,2021-04-08T10:48:00+0530,12800,215.75,215.75,215.7,215.7,215.75,108745600,2021-04-08T10:48:00+0530,3200,215.4,215.4,215.35,215.35,215.4,7606400
2021-04-08T10:49:00+0530,119840,214.5,214.65,214.35,214.35,214.5,0,2021-04-08T10:49:00+0530,124800,216.0,216.0,215.75,215.75,216.0,108745600,2021-04-08T10:49:00+0530,0,215.4,215.4,215.4,215.4,215.4,7606400
2021-04-08T10:50:00+0530,25786,214.7,214.7,214.4,214.55,214.7,0,2021-04-08T10:50:00+0530,64000,216.0,216.0,215.85,215.9,216.0,108691200,2021-04-08T10:50:00+0530,0,215.4,215.4,215.4,215.4,215.4,7606400
2021-04-08T10:51:00+0530,9427,214.7,214.75,214.6,214.6,214.7,0,2021-04-08T10:51:00+0530,9600,216.0,216.0,216.0,216.0,216.0,108691200,2021-04-08T10:51:00+0530,0,215.4,215.4,215.4,215.4,215.4,7606400
2021-04-08T10:52:00+0530,25010,214.55,214.75,214.55,214.7,214.55,0,2021-04-08T10:52:00+0530,9600,216.0,216.0,215.95,216.0,216.0,108691200,2021-04-08T10:52:00+0530,0,215.4,215.4,215.4,215.4,215.4,7606400
2021-04-08T10:53:00+0530,13042,214.6,214.65,214.5,214.65,214.6,0,2021-04-08T10:53:00+0530,12800,216.0,216.0,215.95,215.95,216.0,108688000,2021-04-08T10:53:00+0530,0,215.4,215.4,215.4,215.4,215.4,7606400
2021-04-08T10:54:00+0530,9079,214.65,214.75,214.6,214.6,214.65,0,2021-04-08T10:54:00+0530,12800,216.05,216.05,216.0,216.0,216.05,108688000,2021-04-08T10:54:00+0530,0,215.4,215.4,215.4,215.4,215.4,7606400
2021-04-08T10:55:00+0530,11038,214.6,214.65,214.6,214.6,214.6,0,2021-04-08T10:55:00+0530,19200,215.95,216.05,215.95,216.05,215.95,108688000,2021-04-08T10:55:00+0530,6400,215.65,215.65,215.4,215.4,215.65,7609600
2021-04-08T10:56:00+0530,9013,214.65,214.7,214.55,214.6,214.65,0,2021-04-08T10:56:00+0530,3200,216.0,216.0,215.95,215.95,216.0,108688000,2021-04-08T10:56:00+0530,0,215.65,215.65,215.65,215.65,215.65,7609600
2021-04-08T10:57:00+0530,9704,214.65,214.7,214.55,214.65,214.65,0,2021-04-08T10:57:00+0530,6400,216.0,216.05,216.0,216.0,216.0,108694400,2021-04-08T10:57:00+0530,0,215.65,215.65,215.65,215.65,215.65,7609600
2021-04-08T10:58:00+0530,10604,214.7,214.75,214.6,214.7,214.7,0,2021-04-08T10:58:00+0530,32000,216.0,216.05,216.0,216.0,216.0,108694400,2021-04-08T10:58:00+0530,3200,215.65,215.65,215.65,215.65,215.65,7609600
2021-04-08T10:59:00+0530,20463,214.8,214.9,214.7,214.75,214.8,0,2021-04-08T10:59:00+0530,22400,216.1,216.15,216.0,216.0,216.1,108694400,2021-04-08T10:59:00+0530,3200,215.65,215.65,215.65,215.65,215.65,7609600
2021-04-08T11:00:00+0530,16554,214.8,214.9,214.7,214.8,214.8,0,2021-04-08T11:00:00+0530,9600,216.2,216.2,216.1,216.1,216.2,108707200,2021-04-08T11:00:00+0530,3200,215.85,215.85,215.65,215.65,215.85,7619200
2021-04-08T11:01:00+0530,24858,214.85,214.9,214.8,214.9,214.85,0,2021-04-08T11:01:00+0530,9600,216.2,216.2,216.1,216.2,216.2,108707200,2021-04-08T11:01:00+0530,0,215.85,215.85,215.85,215.85,215.85,7619200
2021-04-08T11:02:00+0530,19699,214.8,215.0,214.7,214.8,214.8,0,2021-04-08T11:02:00+0530,32000,216.05,216.2,216.05,216.1,216.05,108707200,2021-04-08T11:02:00+0530,6400,215.8,215.85,215.8,215.85,215.8,7619200
2021-04-08T11:03:00+0530,9338,214.75,214.85,214.7,214.8,214.75,0,2021-04-08T11:03:00+0530,25600,216.05,216.05,216.0,216.05,216.05,108700800,2021-04-08T11:03:00+0530,0,215.8,215.8,215.8,215.8,215.8,7619200
2021-04-08T11:04:00+0530,9980,214.85,214.9,214.7,214.75,214.85,0,2021-04-08T11:04:00+0530,22400,216.2,216.2,216.0,216.05,216.2,108700800,2021-04-08T11:04:00+0530,0,215.8,215.8,215.8,215.8,215.8,7619200
2021-04-08T11:05:00+0530,12466,214.85,214.9,214.8,214.9,214.85,0,2021-04-08T11:05:00+0530,19200,216.1,216.2,216.1,216.15,216.1,108700800,2021-04-08T11:05:00+0530,0,215.8,215.8,215.8,215.8,215.8,7619200
2021-04-08T11:06:00+0530,30783,214.85,214.95,214.8,214.85,214.85,0,2021-04-08T11:06:00+0530,54400,216.15,216.25,216.1,216.1,216.15,108700800,2021-04-08T11:06:00+0530,0,215.8,215.8,215.8,215.8,215.8,7619200
2021-04-08T11:07:00+0530,17341,214.8,214.85,214.75,214.85,214.8,0,2021-04-08T11:07:00+0530,19200,216.05,216.15,216.05,216.15,216.05,108700800,2021-04-08T11:07:00+0530,3200,215.8,215.8,215.8,215.8,215.8,7622400
2021-04-08T11:08:00+0530,6495,214.8,214.85,214.75,214.75,214.8,0,2021-04-08T11:08:00+0530,19200,216.1,216.15,216.05,216.05,216.1,108700800,2021-04-08T11:08:00+0530,0,215.8,215.8,215.8,215.8,215.8,7622400
2021-04-08T11:09:00+0530,10478,214.8,214.8,214.75,214.8,214.8,0,2021-04-08T11:09:00+0530,28800,216.05,216.2,216.05,216.1,216.05,108700800,2021-04-08T11:09:00+0530,0,215.8,215.8,215.8,215.8,215.8,7622400
2021-04-08T11:10:00+0530,21904,214.9,214.95,214.75,214.8,214.9,0,2021-04-08T11:10:00+0530,51200,216.25,216.3,216.05,216.05,216.25,108700800,2021-04-08T11:10:00+0530,12800,215.9,215.9,215.75,215.8,215.9,7625600
2021-04-08T11:11:00+0530,25052,215.0,215.0,214.85,214.95,215.0,0,2021-04-08T11:11:00+0530,28800,216.35,216.35,216.25,216.25,216.35,108694400,2021-04-08T11:11:00+0530,3200,215.9,215.9,215.9,215.9,215.9,7625600
2021-04-08T11:12:00+0530,30931,214.7,215.0,214.7,215.0,214.7,0,2021-04-08T11:12:00+0530,86400,216.0,216.35,216.0,216.35,216.0,108694400,2021-04-08T11:12:00+0530,0,215.9,215.9,215.9,215.9,215.9,7625600
2021-04-08T11:13:00+0530,15511,214.7,214.75,214.6,214.7,214.7,0,2021-04-08T11:13:00+0530,115200,216.0,216.15,216.0,216.0,216.0,108694400,2021-04-08T11:13:00+0530,3200,215.7,215.9,215.7,215.7,215.7,7628800
2021-04-08T11:14:00+0530,7933,214.7,214.75,214.65,214.65,214.7,0,2021-04-08T11:14:00+0530,3200,216.0,216.0,216.0,216.0,216.0,108694400,2021-04-08T11:14:00+0530,0,215.7,215.7,215.7,215.7,215.7,7628800
2021-04-08T11:15:00+0530,7043,214.75,214.8,214.65,214.7,214.75,0,2021-04-08T11:15:00+0530,25600,216.0,216.05,216.0,216.0,216.0,108707200,2021-04-08T11:15:00+0530,0,215.7,215.7,215.7,215.7,215.7,7628800
2021-04-08T11:16:00+0530,7498,214.7,214.8,214.7,214.7,214.7,0,2021-04-08T11:16:00+0530,9600,216.0,216.05,216.0,216.0,216.0,108707200,2021-04-08T11:16:00+0530,3200,215.85,215.85,215.7,215.7,215.85,7632000
2021-04-08T11:17:00+0530,23370,214.7,214.85,214.65,214.8,214.7,0,2021-04-08T11:17:00+0530,67200,216.05,216.05,215.95,216.0,216.05,108707200,2021-04-08T11:17:00+0530,3200,215.65,215.85,215.65,215.85,215.65,7632000
2021-04-08T11:18:00+0530,9927,214.75,214.75,214.65,214.7,214.75,0,2021-04-08T11:18:00+0530,16000,216.0,216.1,216.0,216.05,216.0,108672000,2021-04-08T11:18:00+0530,0,215.75,215.75,215.65,215.65,215.75,7632000
2021-04-08T11:19:00+0530,11465,214.8,214.85,214.65,214.75,214.8,0,2021-04-08T11:19:00+0530,12800,216.1,216.1,216.0,216.0,216.1,108672000,2021-04-08T11:19:00+0530,16000,215.8,215.8,215.75,215.75,215.8,7632000
2021-04-08T11:20:00+0530,7545,214.65,214.85,214.65,214.8,214.65,0,2021-04-08T11:20:00+0530,25600,216.0,216.1,216.0,216.1,216.0,108681600,2021-04-08T11:20:00+0530,32000,215.65,215.8,215.65,215.8,215.65,7632000
2021-04-08T11:21:00+0530,5516,214.75,214.75,214.65,214.7,214.75,0,2021-04-08T11:21:00+0530,16000,216.0,216.05,215.95,216.0,216.0,108681600,2021-04-08T11:21:00+0530,0,215.65,215.65,215.65,215.65,215.65,7632000
2021-04-08T11:22:00+0530,10879,214.8,214.8,214.65,214.7,214.8,0,2021-04-08T11:22:00+0530,9600,216.05,216.1,216.0,216.0,216.05,108681600,2021-04-08T11:22:00+0530,3200,215.65,215.65,215.65,215.65,215.65,7600000
2021-04-08T11:23:00+0530,13544,214.85,214.9,214.75,214.8,214.85,0,2021-04-08T11:23:00+0530,22400,216.15,216.2,216.05,216.05,216.15,108681600,2021-04-08T11:23:00+0530,6400,215.85,215.85,215.65,215.65,215.85,7600000
2021-04-08T11:24:00+0530,20945,214.75,214.95,214.75,214.85,214.75,0,2021-04-08T11:24:00+0530,9600,216.15,216.2,216.15,216.15,216.15,108681600,2021-04-08T11:24:00+0530,3200,215.85,215.85,215.85,215.85,215.85,7600000
2021-04-08T11:25:00+0530,5774,214.85,214.9,214.75,214.75,214.85,0,2021-04-08T11:25:00+0530,12800,216.15,216.2,216.15,216.15,216.15,108681600,2021-04-08T11:25:00+0530,0,215.85,215.85,215.85,215.85,215.85,7600000
2021-04-08T11:26:00+0530,23641,214.75,214.85,214.65,214.85,214.75,0,2021-04-08T11:26:00+0530,16000,216.0,216.15,216.0,216.15,216.0,108681600,2021-04-08T11:26:00+0530,3200,215.7,215.7,215.7,215.7,215.7,7600000
2021-04-08T11:27:00+0530,13747,214.7,214.8,214.65,214.8,214.7,0,2021-04-08T11:27:00+0530,16000,216.0,216.0,216.0,216.0,216.0,108697600,2021-04-08T11:27:00+0530,12800,215.7,215.7,215.5,215.7,215.7,7600000
2021-04-08T11:28:00+0530,13864,214.7,214.75,214.65,214.65,214.7,0,2021-04-08T11:28:00+0530,6400,216.0,216.0,216.0,216.0,216.0,108697600,2021-04-08T11:28:00+0530,0,215.7,215.7,215.7,215.7,215.7,7600000
2021-04-08T11:29:00+0530,25417,214.65,214.75,214.6,214.7,214.65,0,2021-04-08T11:29:00+0530,6400,215.9,216.0,215.9,216.0,215.9,108697600,2021-04-08T11:29:00+0530,12800,215.5,215.7,215.5,215.7,215.5,7600000
2021-04-08T11:30:00+0530,33691,214.6,214.75,214.6,214.65,214.6,0,2021-04-08T11:30:00+0530,12800,216.0,216.0,215.95,215.95,216.0,108691200,2021-04-08T11:30:00+0530,0,215.5,215.5,215.5,215.5,215.5,7600000
2021-04-08T11:31:00+0530,7091,214.65,214.7,214.55,214.55,214.65,0,2021-04-08T11:31:00+0530,0,216.0,216.0,216.0,216.0,216.0,108691200,2021-04-08T11:31:00+0530,0,215.5,215.5,215.5,215.5,215.5,7600000
2021-04-08T11:32:00+0530,8150,214.65,214.65,214.55,214.65,214.65,0,2021-04-08T11:32:00+0530,9600,215.9,216.0,215.9,216.0,215.9,108691200,2021-04-08T11:32:00+0530,0,215.5,215.5,215.5,215.5,215.5,7600000
2021-04-08T11:33:00+0530,25660,214.6,214.8,214.55,214.65,214.6,0,2021-04-08T11:33:00+0530,16000,216.0,216.05,215.9,215.9,216.0,108691200,2021-04-08T11:33:00+0530,6400,215.55,215.55,215.5,215.5,215.55,7587200
2021-04-08T11:34:00+0530,12920,214.75,214.75,214.6,214.65,214.75,0,2021-04-08T11:34:00+0530,6400,215.95,216.0,215.95,216.0,215.95,108691200,2021-04-08T11:34:00+0530,6400,215.6,215.6,215.6,215.6,215.6,7587200
2021-04-08T11:35:00+0530,10947,214.6,214.75,214.6,214.75,214.6,0,2021-04-08T11:35:00+0530,6400,216.0,216.05,215.95,215.95,216.0,108691200,2021-04-08T11:35:00+0530,0,215.6,215.6,215.6,215.6,215.6,7587200
2021-04-08T11:36:00+0530,13816,214.65,214.75,214.6,214.6,214.65,0,2021-04-08T11:36:00+0530,6400,215.95,216.0,215.95,216.0,215.95,108684800,2021-04-08T11:36:00+0530,0,215.6,215.6,215.6,215.6,215.6,7587200
2021-04-08T11:37:00+0530,79739,214.45,214.8,214.45,214.7,214.45,0,2021-04-08T11:37:00+0530,51200,215.8,215.95,215.8,215.95,215.8,108684800,2021-04-08T11:37:00+0530,6400,215.55,215.6,215.5,215.6,215.55,7593600
2021-04-08T11:38:00+0530,45955,214.35,214.5,214.3,214.45,214.35,0,2021-04-08T11:38:00+0530,41600,215.7,215.8,215.7,215.8,215.7,108684800,2021-04-08T11:38:00+0530,0,215.55,215.55,215.55,215.55,215.55,7593600
2021-04-08T11:39:00+0530,28277,214.3,214.5,214.3,214.3,214.3,0,2021-04-08T11:39:00+0530,44800,215.8,215.8,215.65,215.7,215.8,108681600,2021-04-08T11:39:00+0530,6400,215.4,215.55,215.3,215.55,215.4,7596800
2021-04-08T11:40:00+0530,50024,214.4,214.4,214.25,214.35,214.4,0,2021-04-08T11:40:00+0530,51200,215.7,215.8,215.6,215.8,215.7,108681600,2021-04-08T11:40:00+0530,9600,215.4,215.4,215.4,215.4,215.4,7596800
2021-04-08T11:41:00+0530,16716,214.25,214.4,214.25,214.3,214.25,0,2021-04-08T11:41:00+0530,25600,215.7,215.7,215.6,215.7,215.7,108681600,2021-04-08T11:41:00+0530,0,215.4,215.4,215.4,215.4,215.4,7596800
2021-04-08T11:42:00+0530,13271,214.4,214.4,214.25,214.25,214.4,0,2021-04-08T11:42:00+0530,19200,215.65,215.7,215.6,215.6,215.65,108672000,2021-04-08T11:42:00+0530,0,215.4,215.4,215.4,215.4,215.4,7596800
2021-04-08T11:43:00+0530,21313,214.4,214.45,214.3,214.4,214.4,0,2021-04-08T11:43:00+0530,12800,215.8,215.8,215.65,215.65,215.8,108672000,2021-04-08T11:43:00+0530,0,215.4,215.4,215.4,215.4,215.4,7596800
2021-04-08T11:44:00+0530,12481,214.3,214.45,214.3,214.35,214.3,0,2021-04-08T11:44:00+0530,9600,215.75,215.8,215.75,215.8,215.75,108672000,2021-04-08T11:44:00+0530,3200,215.4,215.4,215.4,215.4,215.4,7612800
2021-04-08T11:45:00+0530,15768,214.4,214.45,214.3,214.35,214.4,0,2021-04-08T11:45:00+0530,28800,215.75,215.75,215.7,215.75,215.75,108675200,2021-04-08T11:45:00+0530,6400,215.3,215.45,215.3,215.45,215.3,7616000
2021-04-08T11:46:00+0530,79152,214.3,214.35,214.1,214.35,214.3,0,2021-04-08T11:46:00+0530,169600,215.6,215.75,215.4,215.65,215.6,108675200,2021-04-08T11:46:00+0530,12800,215.15,215.3,215.1,215.3,215.15,7616000
2021-04-08T11:47:00+0530,17520,214.15,214.3,214.15,214.3,214.15,0,2021-04-08T11:47:00+0530,32000,215.55,215.6,215.5,215.6,215.55,108675200,2021-04-08T11:47:00+0530,19200,215.1,215.3,215.05,215.1,215.1,7616000
2021-04-08T11:48:00+0530,23849,214.25,214.3,214.1,214.15,214.25,0,2021-04-08T11:48:00+0530,38400,215.65,215.65,215.55,215.55,215.65,108729600,2021-04-08T11:48:00+0530,0,215.1,215.1,215.1,215.1,215.1,7616000
2021-04-08T11:49:00+0530,32830,214.2,214.4,214.2,214.25,214.2,0,2021-04-08T11:49:00+0530,16000,215.6,215.7,215.6,215.65,215.6,108729600,2021-04-08T11:49:00+0530,0,215.1,215.1,215.1,215.1,215.1,7616000
2021-04-08T11:50:00+0530,11846,214.4,214.4,214.15,214.2,214.4,0,2021-04-08T11:50:00+0530,19200,215.7,215.7,215.55,215.6,215.7,108729600,2021-04-08T11:50:00+0530,0,215.1,215.1,215.1,215.1,215.1,7616000
2021-04-08T11:51:00+0530,18518,214.3,214.5,214.3,214.4,214.3,0,2021-04-08T11:51:00+0530,32000,215.65,215.85,215.65,215.7,215.65,108726400,2021-04-08T11:51:00+0530,3200,215.5,215.5,215.1,215.1,215.5,7612800
2021-04-08T11:52:00+0530,18879,214.25,214.4,214.25,214.35,214.25,0,2021-04-08T11:52:00+0530,0,215.65,215.65,215.65,215.65,215.65,108726400,2021-04-08T11:52:00+0530,0,215.5,215.5,215.5,215.5,215.5,7612800
2021-04-08T11:53:00+0530,12713,214.3,214.3,214.2,214.25,214.3,0,2021-04-08T11:53:00+0530,6400,215.7,215.7,215.65,215.65,215.7,108726400,2021-04-08T11:53:00+0530,0,215.5,215.5,215.5,215.5,215.5,7612800
2021-04-08T11:54:00+0530,13200,214.25,214.3,214.25,214.3,214.25,0,2021-04-08T11:54:00+0530,12800,215.65,215.65,215.65,215.65,215.65,108739200,2021-04-08T11:54:00+0530,0,215.5,215.5,215.5,215.5,215.5,7612800
2021-04-08T11:55:00+0530,23475,214.15,214.3,214.15,214.3,214.15,0,2021-04-08T11:55:00+0530,28800,215.55,215.65,215.55,215.65,215.55,108739200,2021-04-08T11:55:00+0530,6400,215.15,215.5,215.15,215.5,215.15,7609600
2021-04-08T11:56:00+0530,18664,214.1,214.25,214.1,214.15,214.1,0,2021-04-08T11:56:00+0530,57600,215.4,215.55,215.4,215.55,215.4,108739200,2021-04-08T11:56:00+0530,0,215.15,215.15,215.15,215.15,215.15,7609600
2021-04-08T11:57:00+0530,104724,214.1,214.2,214.05,214.15,214.1,0,2021-04-08T11:57:00+0530,44800,215.55,215.55,215.4,215.55,215.55,108675200,2021-04-08T11:57:00+0530,3200,215.2,215.2,215.15,215.15,215.2,7612800
2021-04-08T11:58:00+0530,12472,214.2,214.2,214.1,214.15,214.2,0,2021-04-08T11:58:00+0530,6400,215.55,215.55,215.55,215.55,215.55,108675200,2021-04-08T11:58:00+0530,3200,215.25,215.25,215.2,215.2,215.25,7612800
2021-04-08T11:59:00+0530,17825,214.3,214.35,214.15,214.15,214.3,0,2021-04-08T11:59:00+0530,25600,215.65,215.65,215.55,215.55,215.65,108675200,2021-04-08T11:59:00+0530,3200,215.25,215.25,215.25,215.25,215.25,7612800
2021-04-08T12:00:00+0530,20078,214.25,214.3,214.15,214.25,214.25,0,2021-04-08T12:00:00+0530,9600,215.6,215.65,215.6,215.65,215.6,108678400,2021-04-08T12:00:00+0530,0,215.25,215.25,215.25,215.25,215.25,7612800
2021-04-08T12:01:00+0530,7648,214.35,214.35,214.2,214.25,214.35,0,2021-04-08T12:01:00+0530,19200,215.7,215.75,215.6,215.6,215.7,108678400,2021-04-08T12:01:00+0530,0,215.25,215.25,215.25,215.25,215.25,7612800
2021-04-08T12:02:00+0530,17613,214.3,214.35,214.25,214.3,214.3,0,2021-04-08T12:02:00+0530,25600,215.65,215.7,215.65,215.7,215.65,108678400,2021-04-08T12:02:00+0530,0,215.25,215.25,215.25,215.25,215.25,7612800
2021-04-08T12:03:00+0530,58175,214.35,214.4,214.15,214.25,214.35,0,2021-04-08T12:03:00+0530,128000,215.7,215.7,215.45,215.65,215.7,108688000,2021-04-08T12:03:00+0530,38400,215.2,215.2,215.2,215.2,215.2,7628800
2021-04-08T12:04:00+0530,24568,214.3,214.5,214.3,214.3,214.3,0,2021-04-08T12:04:00+0530,12800,215.75,215.8,215.7,215.7,215.75,108688000,2021-04-08T12:04:00+0530,0,215.2,215.2,215.2,215.2,215.2,7628800
2021-04-08T12:05:00+0530,45152,214.2,214.3,214.2,214.3,214.2,0,2021-04-08T12:05:00+0530,16000,215.6,215.75,215.55,215.75,215.6,108688000,2021-04-08T12:05:00+0530,0,215.2,215.2,215.2,215.2,215.2,7628800
2021-04-08T12:06:00+0530,14406,214.2,214.3,214.15,214.25,214.2,0,2021-04-08T12:06:00+0530,16000,215.55,215.65,215.55,215.6,215.55,108681600,2021-04-08T12:06:00+0530,0,215.2,215.2,215.2,215.2,215.2,7628800
2021-04-08T12:07:00+0530,27008,214.2,214.3,214.15,214.15,214.2,0,2021-04-08T12:07:00+0530,9600,215.6,215.6,215.55,215.55,215.6,108681600,2021-04-08T12:07:00+0530,0,215.2,215.2,215.2,215.2,215.2,7628800
2021-04-08T12:08:00+0530,27137,214.3,214.35,214.1,214.15,214.3,0,2021-04-08T12:08:00+0530,54400,215.7,215.7,215.55,215.6,215.7,108681600,2021-04-08T12:08:00+0530,0,215.2,215.2,215.2,215.2,215.2,7628800
2021-04-08T12:09:00+0530,25057,214.25,214.45,214.25,214.25,214.25,0,2021-04-08T12:09:00+0530,22400,215.8,215.8,215.7,215.7,215.8,108704000,2021-04-08T12:09:00+0530,0,215.2,215.2,215.2,215.2,215.2,7628800
2021-04-08T12:10:00+0530,17254,214.25,214.4,214.2,214.2,214.25,0,2021-04-08T12:10:00+0530,64000,215.7,215.8,215.7,215.8,215.7,108704000,2021-04-08T12:10:00+0530,0,215.2,215.2,215.2,215.2,215.2,7628800
2021-04-08T12:11:00+0530,38318,214.15,214.35,214.1,214.2,214.15,0,2021-04-08T12:11:00+0530,134400,215.45,215.7,215.45,215.7,215.45,108704000,2021-04-08T12:11:00+0530,3200,215.3,215.3,215.2,215.2,215.3,7638400
2021-04-08T12:12:00+0530,19877,214.1,214.25,214.1,214.1,214.1,0,2021-04-08T12:12:00+0530,64000,215.45,215.6,215.45,215.6,215.45,108787200,2021-04-08T12:12:00+0530,6400,215.2,215.2,215.2,215.2,215.2,7638400
2021-04-08T12:13:00+0530,18982,214.1,214.2,214.05,214.1,214.1,0,2021-04-08T12:13:00+0530,12800,215.5,215.5,215.4,215.45,215.5,108787200,2021-04-08T12:13:00+0530,0,215.2,215.2,215.2,215.2,215.2,7638400
2021-04-08T12:14:00+0530,65652,214.1,214.2,214.0,214.05,214.1,0,2021-04-08T12:14:00+0530,28800,215.4,215.5,215.4,215.5,215.4,108787200,2021-04-08T12:14:00+0530,41600,215.0,215.2,215.0,215.2,215.0,7644800
2021-04-08T12:15:00+0530,45232,214.25,214.3,214.0,214.1,214.25,0,2021-04-08T12:15:00+0530,76800,215.65,215.65,215.35,215.4,215.65,108774400,2021-04-08T12:15:00+0530,28800,215.0,215.0,215.0,215.0,215.0,7612800
2021-04-08T12:16:00+0530,19060,214.3,214.35,214.2,214.25,214.3,0,2021-04-08T12:16:00+0530,25600,215.7,215.7,215.6,215.6,215.7,108774400,2021-04-08T12:16:00+0530,3200,215.35,215.35,215.0,215.0,215.35,7612800
2021-04-08T12:17:00+0530,52009,214.15,214.35,214.15,214.3,214.15,0,2021-04-08T12:17:00+0530,9600,215.65,215.75,215.65,215.7,215.65,108774400,2021-04-08T12:17:00+0530,3200,215.35,215.35,215.35,215.35,215.35,7612800
2021-04-08T12:18:00+0530,10893,214.3,214.35,214.15,214.15,214.3,0,2021-04-08T12:18:00+0530,6400,215.6,215.65,215.6,215.65,215.6,108774400,2021-04-08T12:18:00+0530,3200,215.3,215.35,215.3,215.35,215.3,7603200
2021-04-08T12:19:00+0530,11682,214.35,214.35,214.25,214.3,214.35,0,2021-04-08T12:19:00+0530,25600,215.65,215.65,215.55,215.6,215.65,108771200,2021-04-08T12:19:00+0530,0,215.3,215.3,215.3,215.3,215.3,7603200
2021-04-08T12:20:00+0530,64660,214.5,214.5,214.25,214.35,214.5,0,2021-04-08T12:20:00+0530,22400,215.9,215.9,215.65,215.65,215.9,108771200,2021-04-08T12:20:00+0530,0,215.3,215.3,215.3,215.3,215.3,7603200
2021-04-08T12:21:00+0530,16703,214.4,214.5,214.35,214.5,214.4,0,2021-04-08T12:21:00+0530,6400,215.9,215.9,215.9,215.9,215.9,108771200,2021-04-08T12:21:00+0530,0,215.3,215.3,215.3,215.3,215.3,7603200
2021-04-08T12:22:00+0530,9265,214.45,214.45,214.35,214.4,214.45,0,2021-04-08T12:22:00+0530,9600,215.85,215.9,215.85,215.9,215.85,108777600,2021-04-08T12:22:00+0530,0,215.3,215.3,215.3,215.3,215.3,7603200
2021-04-08T12:23:00+0530,11146,214.5,214.5,214.4,214.4,214.5,0,2021-04-08T12:23:00+0530,22400,215.85,215.9,215.85,215.85,215.85,108777600,2021-04-08T12:23:00+0530,3200,215.35,215.35,215.3,215.3,215.35,7603200
2021-04-08T12:24:00+0530,13958,214.5,214.5,214.35,214.45,214.5,0,2021-04-08T12:24:00+0530,12800,215.85,215.85,215.8,215.85,215.85,108771200,2021-04-08T12:24:00+0530,0,215.35,215.35,215.35,215.35,215.35,7603200
2021-04-08T12:25:00+0530,13522,214.45,214.5,214.35,214.4,214.45,0,2021-04-08T12:25:00+0530,9600,215.85,215.85,215.8,215.85,215.85,108771200,2021-04-08T12:25:00+0530,0,215.35,215.35,215.35,215.35,215.35,7603200
2021-04-08T12:26:00+0530,17797,214.35,214.5,214.35,214.35,214.35,0,2021-04-08T12:26:00+0530,6400,215.9,215.9,215.85,215.85,215.9,108771200,2021-04-08T12:26:00+0530,0,215.35,215.35,215.35,215.35,215.35,7603200
2021-04-08T12:27:00+0530,18694,214.35,214.45,214.3,214.4,214.35,0,2021-04-08T12:27:00+0530,28800,215.7,215.9,215.7,215.9,215.7,108771200,2021-04-08T12:27:00+0530,0,215.35,215.35,215.35,215.35,215.35,7603200
2021-04-08T12:28:00+0530,27088,214.3,214.4,214.3,214.35,214.3,0,2021-04-08T12:28:00+0530,28800,215.65,215.7,215.65,215.7,215.65,108771200,2021-04-08T12:28:00+0530,6400,215.3,215.35,215.3,215.35,215.3,7593600
2021-04-08T12:29:00+0530,19747,214.35,214.4,214.3,214.3,214.35,0,2021-04-08T12:29:00+0530,6400,215.65,215.65,215.65,215.65,215.65,108771200,2021-04-08T12:29:00+0530,0,215.3,215.3,215.3,215.3,215.3,7593600
2021-04-08T12:30:00+0530,44721,214.5,214.5,214.35,214.4,214.5,0,2021-04-08T12:30:00+0530,12800,215.9,215.9,215.7,215.7,215.9,108780800,2021-04-08T12:30:00+0530,6400,215.5,215.5,215.3,215.3,215.5,7593600
2021-04-08T12:31:00+0530,39523,214.55,214.65,214.45,214.45,214.55,0,2021-04-08T12:31:00+0530,86400,215.9,216.05,215.9,215.95,215.9,108780800,2021-04-08T12:31:00+0530,9600,215.5,215.5,215.5,215.5,215.5,7593600
2021-04-08T12:32:00+0530,20621,214.6,214.65,214.4,214.55,214.6,0,2021-04-08T12:32:00+0530,12800,215.9,215.9,215.85,215.9,215.9,108780800,2021-04-08T12:32:00+0530,0,215.5,215.5,215.5,215.5,215.5,7593600
2021-04-08T12:33:00+0530,12844,214.6,214.65,214.55,214.6,214.6,0,2021-04-08T12:33:00+0530,19200,216.05,216.05,215.9,215.9,216.05,108793600,2021-04-08T12:33:00+0530,0,215.5,215.5,215.5,215.5,215.5,7593600
2021-04-08T12:34:00+0530,43498,214.7,214.75,214.6,214.65,214.7,0,2021-04-08T12:34:00+0530,70400,216.05,216.1,216.05,216.05,216.05,108793600,2021-04-08T12:34:00+0530,9600,215.7,215.7,215.5,215.5,215.7,7600000
2021-04-08T12:35:00+0530,38580,214.6,214.75,214.5,214.7,214.6,0,2021-04-08T12:35:00+0530,12800,216.05,216.1,216.05,216.05,216.05,108793600,2021-04-08T12:35:00+0530,0,215.7,215.7,215.7,215.7,215.7,7600000
2021-04-08T12:36:00+0530,17558,214.7,214.7,214.55,214.7,214.7,0,2021-04-08T12:36:00+0530,6400,216.0,216.05,216.0,216.05,216.0,108771200,2021-04-08T12:36:00+0530,3200,215.55,215.7,215.55,215.7,215.55,7603200
2021-04-08T12:37:00+0530,65204,214.45,214.7,214.4,214.6,214.45,0,2021-04-08T12:37:00+0530,48000,215.85,216.0,215.85,216.0,215.85,108771200,2021-04-08T12:37:00+0530,9600,215.5,215.6,215.5,215.55,215.5,7603200
2021-04-08T12:38:00+0530,18267,214.6,214.6,214.45,214.5,214.6,0,2021-04-08T12:38:00+0530,12800,216.0,216.05,215.85,215.85,216.0,108771200,2021-04-08T12:38:00+0530,6400,215.55,215.55,215.5,215.5,215.55,7603200
2021-04-08T12:39:00+0530,21414,214.55,214.65,214.5,214.6,214.55,0,2021-04-08T12:39:00+0530,44800,216.0,216.0,216.0,216.0,216.0,108828800,2021-04-08T12:39:00+0530,0,215.55,215.55,215.55,215.55,215.55,7603200
2021-04-08T12:40:00+0530,17917,214.5,214.6,214.45,214.55,214.5,0,2021-04-08T12:40:00+0530,16000,215.95,216.0,215.95,216.0,215.95,108828800,2021-04-08T12:40:00+0530,3200,215.5,215.55,215.5,215.55,215.5,7596800
2021-04-08T12:41:00+0530,12617,214.4,214.55,214.4,214.5,214.4,0,2021-04-08T12:41:00+0530,3200,215.85,215.95,215.8,215.95,215.85,108828800,2021-04-08T12:41:00+0530,3200,215.5,215.5,215.5,215.5,215.5,7596800
2021-04-08T12:42:00+0530,9997,214.55,214.55,214.4,214.4,214.55,0,2021-04-08T12:42:00+0530,16000,215.85,215.9,215.8,215.9,215.85,108857600,2021-04-08T12:42:00+0530,0,215.5,215.5,215.5,215.5,215.5,7596800
2021-04-08T12:43:00+0530,14243,214.55,214.55,214.4,214.55,214.55,0,2021-04-08T12:43:00+0530,0,215.85,215.85,215.85,215.85,215.85,108857600,2021-04-08T12:43:00+0530,0,215.5,215.5,215.5,215.5,215.5,7596800
2021-04-08T12:44:00+0530,18817,214.65,214.65,214.5,214.5,214.65,0,2021-04-08T12:44:00+0530,25600,216.0,216.0,215.85,215.85,216.0,108857600,2021-04-08T12:44:00+0530,0,215.5,215.5,215.5,215.5,215.5,7596800
2021-04-08T12:45:00+0530,11650,214.65,214.7,214.55,214.65,214.65,0,2021-04-08T12:45:00+0530,22400,216.0,216.0,216.0,216.0,216.0,108892800,2021-04-08T12:45:00+0530,0,215.5,215.5,215.5,215.5,215.5,7596800
2021-04-08T12:46:00+0530,13537,214.5,214.65,214.5,214.6,214.5,0,2021-04-08T12:46:00+0530,28800,215.95,216.0,215.95,216.0,215.95,108892800,2021-04-08T12:46:00+0530,0,215.5,215.5,215.5,215.5,215.5,7596800
2021-04-08T12:47:00+0530,9819,214.5,214.6,214.45,214.6,214.5,0,2021-04-08T12:47:00+0530,3200,215.9,215.95,215.9,215.95,215.9,108892800,2021-04-08T12:47:00+0530,0,215.5,215.5,215.5,215.5,215.5,7596800
2021-04-08T12:48:00+0530,66786,214.4,214.55,214.3,214.55,214.4,0,2021-04-08T12:48:00+0530,28800,215.65,215.9,215.65,215.9,215.65,108902400,2021-04-08T12:48:00+0530,3200,215.5,215.5,215.5,215.5,215.5,7596800
2021-04-08T12:49:00+0530,16973,214.3,214.4,214.3,214.4,214.3,0,2021-04-08T12:49:00+0530,9600,215.7,215.75,215.65,215.65,215.7,108902400,2021-04-08T12:49:00+0530,0,215.5,215.5,215.5,215.5,215.5,7596800
2021-04-08T12:50:00+0530,10165,214.4,214.4,214.3,214.3,214.4,0,2021-04-08T12:50:00+0530,19200,215.75,215.75,215.65,215.7,215.75,108902400,2021-04-08T12:50:00+0530,0,215.5,215.5,215.5,215.5,215.5,7596800
2021-04-08T12:51:00+0530,9931,214.4,214.4,214.3,214.35,214.4,0,2021-04-08T12:51:00+0530,25600,215.75,215.75,215.7,215.75,215.75,108892800,2021-04-08T12:51:00+0530,0,215.5,215.5,215.5,215.5,215.5,7596800
2021-04-08T12:52:00+0530,7401,214.4,214.45,214.3,214.3,214.4,0,2021-04-08T12:52:00+0530,9600,215.7,215.75,215.7,215.75,215.7,108892800,2021-04-08T12:52:00+0530,0,215.5,215.5,215.5,215.5,215.5,7596800
2021-04-08T12:53:00+0530,9157,214.45,214.45,214.35,214.35,214.45,0,2021-04-08T12:53:00+0530,0,215.8,215.8,215.7,215.7,215.8,108892800,2021-04-08T12:53:00+0530,0,215.5,215.5,215.5,215.5,215.5,7596800
2021-04-08T12:54:00+0530,7539,214.45,214.5,214.4,214.45,214.45,0,2021-04-08T12:54:00+0530,44800,215.85,215.85,215.8,215.8,215.85,108892800,2021-04-08T12:54:00+0530,0,215.5,215.5,215.5,215.5,215.5,7596800
2021-04-08T12:55:00+0530,8059,214.5,214.5,214.4,214.5,214.5,0,2021-04-08T12:55:00+0530,9600,215.85,215.85,215.8,215.85,215.85,108918400,2021-04-08T12:55:00+0530,0,215.5,215.5,215.5,215.5,215.5,7596800
2021-04-08T12:56:00+0530,15390,214.35,214.5,214.35,214.5,214.35,0,2021-04-08T12:56:00+0530,3200,215.85,215.85,215.85,215.85,215.85,108918400,2021-04-08T12:56:00+0530,6400,215.45,215.5,215.45,215.5,215.45,7603200
2021-04-08T12:57:00+0530,54601,214.45,214.5,214.3,214.35,214.45,0,2021-04-08T12:57:00+0530,25600,215.8,215.85,215.7,215.85,215.8,108908800,2021-04-08T12:57:00+0530,25600,215.45,215.45,215.45,215.45,215.45,7609600
2021-04-08T12:58:00+0530,19812,214.4,214.45,214.25,214.45,214.4,0,2021-04-08T12:58:00+0530,6400,215.75,215.8,215.75,215.8,215.75,108908800,2021-04-08T12:58:00+0530,0,215.45,215.45,215.45,215.45,215.45,7609600
2021-04-08T12:59:00+0530,5887,214.35,214.4,214.3,214.3,214.35,0,2021-04-08T12:59:00+0530,6400,215.65,215.75,215.65,215.65,215.65,108908800,2021-04-08T12:59:00+0530,0,215.45,215.45,215.45,215.45,215.45,7609600
2021-04-08T13:00:00+0530,3921,214.35,214.4,214.3,214.4,214.35,0,2021-04-08T13:00:00+0530,0,215.65,215.65,215.65,215.65,215.65,108908800,2021-04-08T13:00:00+0530,0,215.45,215.45,215.45,215.45,215.45,7609600
2021-04-08T13:01:00+0530,11455,214.4,214.4,214.3,214.4,214.4,0,2021-04-08T13:01:00+0530,32000,215.75,215.75,215.65,215.65,215.75,108912000,2021-04-08T13:01:00+0530,0,215.45,215.45,215.45,215.45,215.45,7609600
2021-04-08T13:02:00+0530,5551,214.3,214.4,214.3,214.35,214.3,0,2021-04-08T13:02:00+0530,9600,215.75,215.75,215.75,215.75,215.75,108912000,2021-04-08T13:02:00+0530,0,215.45,215.45,215.45,215.45,215.45,7609600
2021-04-08T13:03:00+0530,35346,214.5,214.5,214.3,214.3,214.5,0,2021-04-08T13:03:00+0530,28800,215.9,215.9,215.75,215.75,215.9,108928000,2021-04-08T13:03:00+0530,6400,215.45,215.45,215.4,215.45,215.45,7632000
2021-04-08T13:04:00+0530,9476,214.5,214.5,214.35,214.4,214.5,0,2021-04-08T13:04:00+0530,12800,215.9,215.9,215.85,215.9,215.9,108928000,2021-04-08T13:04:00+0530,0,215.45,215.45,215.45,215.45,215.45,7632000
2021-04-08T13:05:00+0530,10141,214.45,214.5,214.35,214.5,214.45,0,2021-04-08T13:05:00+0530,3200,215.9,215.9,215.9,215.9,215.9,108928000,2021-04-08T13:05:00+0530,0,215.45,215.45,215.45,215.45,215.45,7632000
2021-04-08T13:06:00+0530,7383,214.5,214.5,214.35,214.45,214.5,0,2021-04-08T13:06:00+0530,19200,215.85,215.9,215.85,215.9,215.85,108931200,2021-04-08T13:06:00+0530,0,215.45,215.45,215.45,215.45,215.45,7632000
2021-04-08T13:07:00+0530,7443,214.35,214.5,214.35,214.4,214.35,0,2021-04-08T13:07:00+0530,9600,215.85,215.85,215.85,215.85,215.85,108931200,2021-04-08T13:07:00+0530,0,215.45,215.45,215.45,215.45,215.45,7632000
2021-04-08T13:08:00+0530,22070,214.3,214.45,214.3,214.45,214.3,0,2021-04-08T13:08:00+0530,12800,215.75,215.85,215.75,215.85,215.75,108931200,2021-04-08T13:08:00+0530,0,215.45,215.45,215.45,215.45,215.45,7632000
2021-04-08T13:09:00+0530,7654,214.45,214.45,214.3,214.3,214.45,0,2021-04-08T13:09:00+0530,16000,215.75,215.75,215.75,215.75,215.75,108931200,2021-04-08T13:09:00+0530,0,215.45,215.45,215.45,215.45,215.45,7632000
2021-04-08T13:10:00+0530,6090,214.4,214.45,214.3,214.4,214.4,0,2021-04-08T13:10:00+0530,3200,215.8,215.8,215.75,215.75,215.8,108931200,2021-04-08T13:10:00+0530,0,215.45,215.45,215.45,215.45,215.45,7632000
2021-04-08T13:11:00+0530,9654,214.3,214.4,214.3,214.4,214.3,0,2021-04-08T13:11:00+0530,6400,215.7,215.8,215.7,215.8,215.7,108931200,2021-04-08T13:11:00+0530,3200,215.45,215.45,215.45,215.45,215.45,7603200
2021-04-08T13:12:00+0530,10523,214.3,214.4,214.3,214.3,214.3,0,2021-04-08T13:12:00+0530,22400,215.7,215.7,215.6,215.7,215.7,108937600,2021-04-08T13:12:00+0530,3200,215.4,215.45,215.4,215.45,215.4,7603200
2021-04-08T13:13:00+0530,97169,214.2,214.4,214.1,214.35,214.2,0,2021-04-08T13:13:00+0530,70400,215.55,215.7,215.5,215.7,215.55,108937600,2021-04-08T13:13:00+0530,6400,215.25,215.4,215.25,215.4,215.25,7603200
2021-04-08T13:14:00+0530,26410,214.1,214.2,214.05,214.1,214.1,0,2021-04-08T13:14:00+0530,6400,215.45,215.55,215.45,215.55,215.45,108937600,2021-04-08T13:14:00+0530,0,215.25,215.25,215.25,215.25,215.25,7603200
2021-04-08T13:15:00+0530,50693,214.15,214.2,214.05,214.1,214.15,0,2021-04-08T13:15:00+0530,32000,215.6,215.6,215.45,215.45,215.6,108908800,2021-04-08T13:15:00+0530,0,215.25,215.25,215.25,215.25,215.25,7603200
2021-04-08T13:16:00+0530,11013,214.25,214.25,214.15,214.2,214.25,0,2021-04-08T13:16:00+0530,22400,215.6,215.6,215.55,215.55,215.6,108908800,2021-04-08T13:16:00+0530,3200,215.3,215.3,215.25,215.25,215.3,7606400
2021-04-08T13:17:00+0530,11822,214.25,214.25,214.2,214.25,214.25,0,2021-04-08T13:17:00+0530,12800,215.65,215.65,215.6,215.6,215.65,108908800,2021-04-08T13:17:00+0530,0,215.3,215.3,215.3,215.3,215.3,7606400
2021-04-08T13:18:00+0530,19984,214.2,214.25,214.15,214.25,214.2,0,2021-04-08T13:18:00+0530,9600,215.6,215.65,215.6,215.65,215.6,108921600,2021-04-08T13:18:00+0530,3200,215.35,215.35,215.3,215.3,215.35,7606400
2021-04-08T13:19:00+0530,18589,214.2,214.25,214.15,214.2,214.2,0,2021-04-08T13:19:00+0530,16000,215.65,215.65,215.6,215.6,215.65,108921600,2021-04-08T13:19:00+0530,6400,215.3,215.35,215.3,215.3,215.3,7606400
2021-04-08T13:20:00+0530,20839,214.25,214.25,214.15,214.15,214.25,0,2021-04-08T13:20:00+0530,9600,215.6,215.7,215.6,215.65,215.6,108921600,2021-04-08T13:20:00+0530,0,215.3,215.3,215.3,215.3,215.3,7606400
2021-04-08T13:21:00+0530,53389,214.1,214.25,214.05,214.2,214.1,0,2021-04-08T13:21:00+0530,137600,215.5,215.6,215.45,215.6,215.5,108912000,2021-04-08T13:21:00+0530,3200,215.15,215.3,215.15,215.3,215.15,7606400
2021-04-08T13:22:00+0530,13460,214.2,214.2,214.05,214.05,214.2,0,2021-04-08T13:22:00+0530,19200,215.55,215.55,215.5,215.5,215.55,108912000,2021-04-08T13:22:00+0530,0,215.15,215.15,215.15,215.15,215.15,7606400
2021-04-08T13:23:00+0530,6346,214.25,214.25,214.1,214.2,214.25,0,2021-04-08T13:23:00+0530,32000,215.6,215.6,215.55,215.55,215.6,108912000,2021-04-08T13:23:00+0530,3200,215.25,215.25,215.15,215.15,215.25,7612800
2021-04-08T13:24:00+0530,13825,214.25,214.25,214.15,214.25,214.25,0,2021-04-08T13:24:00+0530,19200,215.65,215.65,215.55,215.55,215.65,108966400,2021-04-08T13:24:00+0530,0,215.25,215.25,215.25,215.25,215.25,7612800
2021-04-08T13:25:00+0530,13638,214.25,214.35,214.15,214.25,214.25,0,2021-04-08T13:25:00+0530,25600,215.65,215.7,215.65,215.65,215.65,108966400,2021-04-08T13:25:00+0530,0,215.25,215.25,215.25,215.25,215.25,7612800
2021-04-08T13:26:00+0530,8870,214.25,214.3,214.2,214.25,214.25,0,2021-04-08T13:26:00+0530,6400,215.65,215.65,215.6,215.65,215.65,108966400,2021-04-08T13:26:00+0530,0,215.25,215.25,215.25,215.25,215.25,7612800
2021-04-08T13:27:00+0530,10821,214.3,214.3,214.2,214.3,214.3,0,2021-04-08T13:27:00+0530,32000,215.65,215.65,215.55,215.65,215.65,108972800,2021-04-08T13:27:00+0530,3200,215.2,215.25,215.2,215.25,215.2,7616000
2021-04-08T13:28:00+0530,11207,214.25,214.3,214.2,214.3,214.25,0,2021-04-08T13:28:00+0530,16000,215.65,215.65,215.6,215.6,215.65,108972800,2021-04-08T13:28:00+0530,6400,215.35,215.35,215.2,215.2,215.35,7616000
2021-04-08T13:29:00+0530,12291,214.2,214.3,214.15,214.3,214.2,0,2021-04-08T13:29:00+0530,12800,215.65,215.7,215.6,215.65,215.65,108972800,2021-04-08T13:29:00+0530,6400,215.3,215.35,215.3,215.35,215.3,7616000
2021-04-08T13:30:00+0530,14054,214.2,214.2,214.15,214.2,214.2,0,2021-04-08T13:30:00+0530,16000,215.6,215.65,215.55,215.65,215.6,108988800,2021-04-08T13:30:00+0530,0,215.3,215.3,215.3,215.3,215.3,7616000
2021-04-08T13:31:00+0530,15597,214.15,214.2,214.15,214.2,214.15,0,2021-04-08T13:31:00+0530,25600,215.65,215.65,215.55,215.55,215.65,108988800,2021-04-08T13:31:00+0530,0,215.3,215.3,215.3,215.3,215.3,7616000
2021-04-08T13:32:00+0530,13666,214.15,214.2,214.15,214.15,214.15,0,2021-04-08T13:32:00+0530,12800,215.55,215.65,215.55,215.55,215.55,108988800,2021-04-08T13:32:00+0530,3200,215.25,215.3,215.25,215.3,215.25,7625600
2021-04-08T13:33:00+0530,42330,214.1,214.15,214.05,214.15,214.1,0,2021-04-08T13:33:00+0530,64000,215.5,215.55,215.5,215.5,215.5,108985600,2021-04-08T13:33:00+0530,35200,215.2,215.25,215.2,215.25,215.2,7625600
2021-04-08T13:34:00+0530,13965,214.1,214.15,214.05,214.15,214.1,0,2021-04-08T13:34:00+0530,16000,215.5,215.5,215.45,215.5,215.5,108985600,2021-04-08T13:34:00+0530,6400,215.05,215.2,215.05,215.2,215.05,7648000
2021-04-08T13:35:00+0530,12581,214.15,214.15,214.05,214.05,214.15,0,2021-04-08T13:35:00+0530,6400,215.55,215.55,215.5,215.5,215.55,108985600,2021-04-08T13:35:00+0530,3200,215.3,215.3,215.3,215.3,215.3,7648000
2021-04-08T13:36:00+0530,48968,214.2,214.2,214.15,214.15,214.2,0,2021-04-08T13:36:00+0530,19200,215.65,215.65,215.55,215.55,215.65,108998400,2021-04-08T13:36:00+0530,3200,215.35,215.35,215.3,215.3,215.35,7648000
2021-04-08T13:37:00+0530,30278,214.25,214.25,214.15,214.2,214.25,0,2021-04-08T13:37:00+0530,41600,215.7,215.7,215.55,215.65,215.7,108998400,2021-04-08T13:37:00+0530,0,215.35,215.35,215.35,215.35,215.35,7648000
2021-04-08T13:38:00+0530,11446,214.25,214.25,214.2,214.25,214.25,0,2021-04-08T13:38:00+0530,6400,215.75,215.75,215.7,215.7,215.75,108998400,2021-04-08T13:38:00+0530,3200,215.35,215.35,215.35,215.35,215.35,7641600
2021-04-08T13:39:00+0530,9548,214.25,214.25,214.2,214.25,214.25,0,2021-04-08T13:39:00+0530,9600,215.65,215.75,215.65,215.75,215.65,109004800,2021-04-08T13:39:00+0530,3200,215.35,215.35,215.35,215.35,215.35,7638400
2021-04-08T13:40:00+0530,13985,214.2,214.25,214.2,214.25,214.2,0,2021-04-08T13:40:00+0530,6400,215.6,215.65,215.6,215.65,215.6,109004800,2021-04-08T13:40:00+0530,3200,215.3,215.35,215.3,215.35,215.3,7638400
2021-04-08T13:41:00+0530,20718,214.25,214.3,214.2,214.2,214.25,0,2021-04-08T13:41:00+0530,16000,215.7,215.7,215.6,215.6,215.7,109004800,2021-04-08T13:41:00+0530,0,215.3,215.3,215.3,215.3,215.3,7638400
2021-04-08T13:42:00+0530,9686,214.3,214.3,214.2,214.25,214.3,0,2021-04-08T13:42:00+0530,6400,215.65,215.7,215.65,215.7,215.65,109030400,2021-04-08T13:42:00+0530,3200,215.35,215.35,215.3,215.3,215.35,7638400
2021-04-08T13:43:00+0530,19356,214.25,214.3,214.2,214.3,214.25,0,2021-04-08T13:43:00+0530,16000,215.7,215.7,215.65,215.65,215.7,109030400,2021-04-08T13:43:00+0530,0,215.35,215.35,215.35,215.35,215.35,7638400
2021-04-08T13:44:00+0530,39538,214.15,214.25,214.1,214.25,214.15,0,2021-04-08T13:44:00+0530,19200,215.6,215.7,215.6,215.7,215.6,109030400,2021-04-08T13:44:00+0530,0,215.35,215.35,215.35,215.35,215.35,7638400
2021-04-08T13:45:00+0530,24228,214.1,214.2,214.05,214.15,214.1,0,2021-04-08T13:45:00+0530,25600,215.55,215.6,215.55,215.6,215.55,109030400,2021-04-08T13:45:00+0530,25600,215.15,215.35,215.15,215.35,215.15,7644800
2021-04-08T13:46:00+0530,47696,214.1,214.2,214.0,214.2,214.1,0,2021-04-08T13:46:00+0530,41600,215.5,215.55,215.45,215.55,215.5,109036800,2021-04-08T13:46:00+0530,3200,215.1,215.15,215.1,215.15,215.1,7644800
2021-04-08T13:47:00+0530,21850,214.05,214.1,214.0,214.05,214.05,0,2021-04-08T13:47:00+0530,19200,215.5,215.55,215.45,215.5,215.5,109036800,2021-04-08T13:47:00+0530,0,215.1,215.1,215.1,215.1,215.1,7644800
2021-04-08T13:48:00+0530,14484,214.1,214.1,214.05,214.1,214.1,0,2021-04-08T13:48:00+0530,38400,215.5,215.55,215.5,215.5,215.5,109062400,2021-04-08T13:48:00+0530,0,215.1,215.1,215.1,215.1,215.1,7644800
2021-04-08T13:49:00+0530,25630,214.0,214.1,214.0,214.1,214.0,0,2021-04-08T13:49:00+0530,6400,215.5,215.55,215.5,215.5,215.5,109062400,2021-04-08T13:49:00+0530,0,215.1,215.1,215.1,215.1,215.1,7644800
2021-04-08T13:50:00+0530,19713,214.15,214.15,214.0,214.05,214.15,0,2021-04-08T13:50:00+0530,19200,215.55,215.55,215.45,215.5,215.55,109062400,2021-04-08T13:50:00+0530,0,215.1,215.1,215.1,215.1,215.1,7644800
2021-04-08T13:51:00+0530,10739,214.15,214.15,214.1,214.1,214.15,0,2021-04-08T13:51:00+0530,6400,215.5,215.55,215.5,215.55,215.5,109062400,2021-04-08T13:51:00+0530,0,215.1,215.1,215.1,215.1,215.1,7644800
2021-04-08T13:52:00+0530,17537,214.1,214.15,214.0,214.15,214.1,0,2021-04-08T13:52:00+0530,6400,215.45,215.5,215.45,215.5,215.45,109075200,2021-04-08T13:52:00+0530,9600,215.25,215.25,215.1,215.1,215.25,7654400
2021-04-08T13:53:00+0530,209936,213.9,214.0,213.85,214.0,213.9,0,2021-04-08T13:53:00+0530,160000,215.4,215.4,215.25,215.4,215.4,109075200,2021-04-08T13:53:00+0530,12800,215.1,215.1,215.0,215.0,215.1,7654400
2021-04-08T13:54:00+0530,13939,213.9,214.0,213.85,214.0,213.9,0,2021-04-08T13:54:00+0530,9600,215.35,215.4,215.3,215.4,215.35,109148800,2021-04-08T13:54:00+0530,0,215.1,215.1,215.1,215.1,215.1,7654400
2021-04-08T13:55:00+0530,13848,213.9,214.0,213.9,213.9,213.9,0,2021-04-08T13:55:00+0530,12800,215.4,215.4,215.35,215.35,215.4,109148800,2021-04-08T13:55:00+0530,0,215.1,215.1,215.1,215.1,215.1,7654400
2021-04-08T13:56:00+0530,9968,213.9,214.0,213.8,213.95,213.9,0,2021-04-08T13:56:00+0530,9600,215.3,215.4,215.3,215.4,215.3,109148800,2021-04-08T13:56:00+0530,9600,215.05,215.1,215.05,215.1,215.05,7667200
2021-04-08T13:57:00+0530,37332,213.9,213.95,213.8,213.9,213.9,0,2021-04-08T13:57:00+0530,22400,215.4,215.45,215.3,215.3,215.4,109148800,2021-04-08T13:57:00+0530,0,215.05,215.05,215.05,215.05,215.05,7667200
2021-04-08T13:58:00+0530,9316,213.95,213.95,213.85,213.9,213.95,0,2021-04-08T13:58:00+0530,6400,215.35,215.4,215.35,215.4,215.35,109148800,2021-04-08T13:58:00+0530,0,215.05,215.05,215.05,215.05,215.05,7667200
2021-04-08T13:59:00+0530,31020,213.95,214.0,213.85,213.95,213.95,0,2021-04-08T13:59:00+0530,115200,215.4,215.45,215.35,215.35,215.4,109148800,2021-04-08T13:59:00+0530,0,215.05,215.05,215.05,215.05,215.05,7667200
2021-04-08T14:00:00+0530,72174,214.25,214.25,213.8,213.95,214.25,0,2021-04-08T14:00:00+0530,92800,215.55,215.6,215.35,215.4,215.55,109171200,2021-04-08T14:00:00+0530,0,215.05,215.05,215.05,215.05,215.05,7667200
2021-04-08T14:01:00+0530,96551,214.2,214.25,213.95,214.2,214.2,0,2021-04-08T14:01:00+0530,99200,215.55,215.6,215.4,215.55,215.55,109171200,2021-04-08T14:01:00+0530,0,215.05,215.05,215.05,215.05,215.05,7667200
2021-04-08T14:02:00+0530,24860,214.15,214.2,214.05,214.05,214.15,0,2021-04-08T14:02:00+0530,25600,215.6,215.6,215.55,215.55,215.6,109171200,2021-04-08T14:02:00+0530,0,215.05,215.05,215.05,215.05,215.05,7667200
2021-04-08T14:03:00+0530,15495,214.1,214.2,214.05,214.1,214.1,0,2021-04-08T14:03:00+0530,12800,215.6,215.6,215.6,215.6,215.6,109171200,2021-04-08T14:03:00+0530,0,215.05,215.05,215.05,215.05,215.05,7667200
2021-04-08T14:04:00+0530,43325,214.05,214.1,213.95,214.1,214.05,0,2021-04-08T14:04:00+0530,22400,215.45,215.6,215.45,215.6,215.45,109244800,2021-04-08T14:04:00+0530,3200,215.3,215.3,215.05,215.05,215.3,7676800
2021-04-08T14:05:00+0530,24355,213.95,214.0,213.8,214.0,213.95,0,2021-04-08T14:05:00+0530,38400,215.4,215.45,215.3,215.45,215.4,109244800,2021-04-08T14:05:00+0530,0,215.3,215.3,215.3,215.3,215.3,7676800
2021-04-08T14:06:00+0530,58127,213.95,214.0,213.85,213.95,213.95,0,2021-04-08T14:06:00+0530,38400,215.35,215.4,215.35,215.4,215.35,109312000,2021-04-08T14:06:00+0530,0,215.3,215.3,215.3,215.3,215.3,7676800
2021-04-08T14:07:00+0530,64114,213.75,214.0,213.75,213.95,213.75,0,2021-04-08T14:07:00+0530,51200,215.2,215.4,215.2,215.4,215.2,109312000,2021-04-08T14:07:00+0530,22400,215.05,215.3,215.05,215.3,215.05,7680000
2021-04-08T14:08:00+0530,27205,213.85,214.0,213.7,213.8,213.85,0,2021-04-08T14:08:00+0530,35200,215.35,215.35,215.2,215.2,215.35,109312000,2021-04-08T14:08:00+0530,6400,215.05,215.05,215.05,215.05,215.05,7680000
2021-04-08T14:09:00+0530,21386,213.9,213.9,213.75,213.85,213.9,0,2021-04-08T14:09:00+0530,12800,215.3,215.35,215.3,215.35,215.3,109344000,2021-04-08T14:09:00+0530,0,215.05,215.05,215.05,215.05,215.05,7680000
2021-04-08T14:10:00+0530,64251,213.9,214.0,213.8,213.9,213.9,0,2021-04-08T14:10:00+0530,70400,215.35,215.35,215.3,215.3,215.35,109344000,2021-04-08T14:10:00+0530,9600,215.1,215.15,215.05,215.05,215.1,7708800
2021-04-08T14:11:00+0530,30918,213.85,213.95,213.8,213.9,213.85,0,2021-04-08T14:11:00+0530,35200,215.3,215.35,215.25,215.35,215.3,109344000,2021-04-08T14:11:00+0530,3200,215.1,215.1,215.1,215.1,215.1,7708800
2021-04-08T14:12:00+0530,12708,213.8,213.85,213.75,213.85,213.8,0,2021-04-08T14:12:00+0530,9600,215.25,215.3,215.2,215.3,215.25,109382400,2021-04-08T14:12:00+0530,3200,215.05,215.1,215.05,215.1,215.05,7708800
2021-04-08T14:13:00+0530,37373,213.8,213.85,213.7,213.8,213.8,0,2021-04-08T14:13:00+0530,38400,215.25,215.25,215.2,215.25,215.25,109382400,2021-04-08T14:13:00+0530,9600,215.0,215.05,215.0,215.05,215.0,7721600
2021-04-08T14:14:00+0530,26876,213.8,213.85,213.7,213.75,213.8,0,2021-04-08T14:14:00+0530,32000,215.3,215.35,215.2,215.25,215.3,109382400,2021-04-08T14:14:00+0530,6400,215.05,215.05,214.95,214.95,215.05,7721600
2021-04-08T14:15:00+0530,99182,213.6,213.8,213.55,213.7,213.6,0,2021-04-08T14:15:00+0530,105600,215.15,215.2,215.05,215.2,215.15,109433600,2021-04-08T14:15:00+0530,9600,214.95,215.05,214.95,215.05,214.95,7734400
2021-04-08T14:16:00+0530,54167,213.75,213.95,213.6,213.6,213.75,0,2021-04-08T14:16:00+0530,48000,215.2,215.25,215.1,215.15,215.2,109433600,2021-04-08T14:16:00+0530,28800,215.0,215.05,214.95,214.95,215.0,7734400
2021-04-08T14:17:00+0530,36275,213.7,213.8,213.65,213.75,213.7,0,2021-04-08T14:17:00+0530,28800,215.15,215.2,215.1,215.2,215.15,109433600,2021-04-08T14:17:00+0530,12800,215.05,215.1,215.0,215.0,215.05,7734400
2021-04-08T14:18:00+0530,37617,213.65,213.7,213.6,213.7,213.65,0,2021-04-08T14:18:00+0530,22400,215.1,215.2,215.1,215.15,215.1,109532800,2021-04-08T14:18:00+0530,3200,215.0,215.05,215.0,215.05,215.0,7734400
2021-04-08T14:19:00+0530,48972,213.5,213.7,213.5,213.65,213.5,0,2021-04-08T14:19:00+0530,32000,215.05,215.1,215.0,215.1,215.05,109532800,2021-04-08T14:19:00+0530,6400,214.9,215.0,214.9,215.0,214.9,7744000
2021-04-08T14:20:00+0530,90737,213.6,213.6,213.5,213.55,213.6,0,2021-04-08T14:20:00+0530,169600,214.95,215.05,214.95,215.05,214.95,109532800,2021-04-08T14:20:00+0530,0,214.9,214.9,214.9,214.9,214.9,7744000
2021-04-08T14:21:00+0530,52401,213.85,213.85,213.55,213.6,213.85,0,2021-04-08T14:21:00+0530,60800,215.2,215.25,214.95,214.95,215.2,109590400,2021-04-08T14:21:00+0530,3200,215.0,215.0,214.9,214.9,215.0,7750400
2021-04-08T14:22:00+0530,31438,213.75,213.85,213.6,213.85,213.75,0,2021-04-08T14:22:00+0530,28800,215.2,215.2,215.05,215.2,215.2,109590400,2021-04-08T14:22:00+0530,0,215.0,215.0,215.0,215.0,215.0,7750400
2021-04-08T14:23:00+0530,11607,213.65,213.75,213.6,213.65,213.65,0,2021-04-08T14:23:00+0530,12800,215.15,215.25,215.15,215.2,215.15,109590400,2021-04-08T14:23:00+0530,3200,215.0,215.0,215.0,215.0,215.0,7750400
2021-04-08T14:24:00+0530,60532,213.8,213.9,213.6,213.65,213.8,0,2021-04-08T14:24:00+0530,60800,215.3,215.3,215.1,215.15,215.3,109593600,2021-04-08T14:24:00+0530,9600,215.2,215.2,215.0,215.0,215.2,7750400
2021-04-08T14:25:00+0530,12170,213.75,213.85,213.6,213.85,213.75,0,2021-04-08T14:25:00+0530,25600,215.1,215.3,215.1,215.3,215.1,109593600,2021-04-08T14:25:00+0530,9600,215.05,215.2,215.05,215.2,215.05,7747200
2021-04-08T14:26:00+0530,19898,213.85,213.9,213.65,213.75,213.85,0,2021-04-08T14:26:00+0530,25600,215.25,215.35,215.1,215.1,215.25,109593600,2021-04-08T14:26:00+0530,3200,215.15,215.15,215.05,215.05,215.15,7747200
2021-04-08T14:27:00+0530,17628,213.8,213.85,213.75,213.75,213.8,0,2021-04-08T14:27:00+0530,22400,215.2,215.3,215.2,215.3,215.2,109628800,2021-04-08T14:27:00+0530,3200,215.05,215.15,215.05,215.15,215.05,7747200
2021-04-08T14:28:00+0530,15085,213.85,213.85,213.75,213.8,213.85,0,2021-04-08T14:28:00+0530,25600,215.25,215.3,215.15,215.3,215.25,109628800,2021-04-08T14:28:00+0530,0,215.05,215.05,215.05,215.05,215.05,7747200
2021-04-08T14:29:00+0530,46505,213.95,214.0,213.75,213.85,213.95,0,2021-04-08T14:29:00+0530,32000,215.35,215.4,215.25,215.25,215.35,109628800,2021-04-08T14:29:00+0530,0,215.05,215.05,215.05,215.05,215.05,7747200
2021-04-08T14:30:00+0530,67429,213.7,213.9,213.7,213.9,213.7,0,2021-04-08T14:30:00+0530,25600,215.2,215.3,215.15,215.25,215.2,109628800,2021-04-08T14:30:00+0530,6400,215.1,215.1,215.1,215.1,215.1,7747200
2021-04-08T14:31:00+0530,14671,213.8,213.8,213.65,213.7,213.8,0,2021-04-08T14:31:00+0530,22400,215.2,215.2,215.1,215.2,215.2,109641600,2021-04-08T14:31:00+0530,9600,215.0,215.1,215.0,215.1,215.0,7766400
2021-04-08T14:32:00+0530,7007,213.7,213.8,213.65,213.8,213.7,0,2021-04-08T14:32:00+0530,19200,215.2,215.2,215.15,215.2,215.2,109641600,2021-04-08T14:32:00+0530,6400,215.0,215.0,215.0,215.0,215.0,7766400
2021-04-08T14:33:00+0530,48933,213.65,213.75,213.55,213.75,213.65,0,2021-04-08T14:33:00+0530,48000,215.0,215.2,215.0,215.2,215.0,109648000,2021-04-08T14:33:00+0530,0,215.0,215.0,215.0,215.0,215.0,7766400
2021-04-08T14:34:00+0530,69589,213.65,213.65,213.35,213.55,213.65,0,2021-04-08T14:34:00+0530,92800,215.05,215.05,214.8,215.0,215.05,109648000,2021-04-08T14:34:00+0530,3200,214.7,215.0,214.7,215.0,214.7,7772800
2021-04-08T14:35:00+0530,21550,213.5,213.65,213.4,213.65,213.5,0,2021-04-08T14:35:00+0530,41600,214.95,215.05,214.9,215.05,214.95,109648000,2021-04-08T14:35:00+0530,0,214.7,214.7,214.7,214.7,214.7,7772800
2021-04-08T14:36:00+0530,25602,213.45,213.6,213.4,213.6,213.45,0,2021-04-08T14:36:00+0530,44800,214.9,214.95,214.8,214.95,214.9,109641600,2021-04-08T14:36:00+0530,6400,214.7,214.7,214.7,214.7,214.7,7772800
2021-04-08T14:37:00+0530,21799,213.55,213.6,213.4,213.45,213.55,0,2021-04-08T14:37:00+0530,38400,214.85,214.9,214.85,214.9,214.85,109641600,2021-04-08T14:37:00+0530,0,214.7,214.7,214.7,214.7,214.7,7772800
2021-04-08T14:38:00+0530,24592,213.4,213.55,213.4,213.55,213.4,0,2021-04-08T14:38:00+0530,22400,214.9,214.95,214.85,214.85,214.9,109641600,2021-04-08T14:38:00+0530,0,214.7,214.7,214.7,214.7,214.7,7772800
2021-04-08T14:39:00+0530,23980,213.55,213.6,213.4,213.5,213.55,0,2021-04-08T14:39:00+0530,22400,214.95,214.95,214.9,214.9,214.95,109619200,2021-04-08T14:39:00+0530,3200,214.8,214.8,214.7,214.7,214.8,7769600
2021-04-08T14:40:00+0530,47881,213.65,213.65,213.45,213.45,213.65,0,2021-04-08T14:40:00+0530,38400,215.0,215.0,214.9,214.9,215.0,109619200,2021-04-08T14:40:00+0530,0,214.8,214.8,214.8,214.8,214.8,7769600
2021-04-08T14:41:00+0530,27650,213.5,213.7,213.45,213.6,213.5,0,2021-04-08T14:41:00+0530,57600,214.85,215.05,214.8,215.0,214.85,109619200,2021-04-08T14:41:00+0530,3200,214.85,214.85,214.8,214.8,214.85,7779200
2021-04-08T14:42:00+0530,9500,213.5,213.5,213.4,213.5,213.5,0,2021-04-08T14:42:00+0530,19200,214.9,214.9,214.85,214.85,214.9,109654400,2021-04-08T14:42:00+0530,0,214.85,214.85,214.85,214.85,214.85,7779200
2021-04-08T14:43:00+0530,24490,213.65,213.7,213.45,213.5,213.65,0,2021-04-08T14:43:00+0530,41600,215.05,215.05,214.9,214.9,215.05,109654400,2021-04-08T14:43:00+0530,0,214.85,214.85,214.85,214.85,214.85,7779200
2021-04-08T14:44:00+0530,8403,213.6,213.65,213.55,213.65,213.6,0,2021-04-08T14:44:00+0530,9600,215.05,215.1,215.05,215.05,215.05,109654400,2021-04-08T14:44:00+0530,0,214.85,214.85,214.85,214.85,214.85,7779200
2021-04-08T14:45:00+0530,27986,213.6,213.6,213.5,213.6,213.6,0,2021-04-08T14:45:00+0530,48000,215.0,215.0,214.95,215.0,215.0,109654400,2021-04-08T14:45:00+0530,0,214.85,214.85,214.85,214.85,214.85,7779200
2021-04-08T14:46:00+0530,7222,213.55,213.6,213.5,213.55,213.55,0,2021-04-08T14:46:00+0530,9600,214.95,215.05,214.95,215.0,214.95,109667200,2021-04-08T14:46:00+0530,0,214.85,214.85,214.85,214.85,214.85,7779200
2021-04-08T14:47:00+0530,16393,213.5,213.6,213.45,213.55,213.5,0,2021-04-08T14:47:00+0530,57600,214.85,215.0,214.85,214.95,214.85,109667200,2021-04-08T14:47:00+0530,0,214.85,214.85,214.85,214.85,214.85,7779200
2021-04-08T14:48:00+0530,20300,213.4,213.5,213.4,213.45,213.4,0,2021-04-08T14:48:00+0530,12800,214.8,214.85,214.8,214.85,214.8,109689600,2021-04-08T14:48:00+0530,0,214.85,214.85,214.85,214.85,214.85,7779200
2021-04-08T14:49:00+0530,51210,213.45,213.6,213.4,213.45,213.45,0,2021-04-08T14:49:00+0530,35200,214.85,214.9,214.8,214.8,214.85,109689600,2021-04-08T14:49:00+0530,0,214.85,214.85,214.85,214.85,214.85,7779200
2021-04-08T14:50:00+0530,19691,213.4,213.55,213.4,213.45,213.4,0,2021-04-08T14:50:00+0530,19200,214.9,214.9,214.85,214.85,214.9,109689600,2021-04-08T14:50:00+0530,0,214.85,214.85,214.85,214.85,214.85,7779200
2021-04-08T14:51:00+0530,6625,213.45,213.55,213.4,213.55,213.45,0,2021-04-08T14:51:00+0530,12800,214.8,214.9,214.8,214.9,214.8,109692800,2021-04-08T14:51:00+0530,0,214.85,214.85,214.85,214.85,214.85,7779200
2021-04-08T14:52:00+0530,75417,213.35,213.45,213.3,213.45,213.35,0,2021-04-08T14:52:00+0530,118400,214.75,214.85,214.7,214.8,214.75,109692800,2021-04-08T14:52:00+0530,12800,214.7,214.85,214.7,214.85,214.7,7785600
2021-04-08T14:53:00+0530,12404,213.4,213.45,213.35,213.45,213.4,0,2021-04-08T14:53:00+0530,38400,214.8,214.8,214.75,214.8,214.8,109692800,2021-04-08T14:53:00+0530,3200,214.6,214.7,214.6,214.7,214.6,7785600
2021-04-08T14:54:00+0530,29328,213.3,213.4,213.25,213.35,213.3,0,2021-04-08T14:54:00+0530,64000,214.65,214.8,214.65,214.8,214.65,109788800,2021-04-08T14:54:00+0530,0,214.6,214.6,214.6,214.6,214.6,7785600
2021-04-08T14:55:00+0530,32835,213.25,213.3,213.2,213.3,213.25,0,2021-04-08T14:55:00+0530,32000,214.65,214.7,214.65,214.65,214.65,109788800,2021-04-08T14:55:00+0530,0,214.6,214.6,214.6,214.6,214.6,7785600
2021-04-08T14:56:00+0530,44601,213.25,213.3,213.1,213.3,213.25,0,2021-04-08T14:56:00+0530,16000,214.6,214.65,214.6,214.65,214.6,109788800,2021-04-08T14:56:00+0530,6400,214.6,214.6,214.6,214.6,214.6,7785600
2021-04-08T14:57:00+0530,80361,213.4,213.4,213.1,213.25,213.4,0,2021-04-08T14:57:00+0530,172800,214.85,214.85,214.55,214.6,214.85,109840000,2021-04-08T14:57:00+0530,0,214.6,214.6,214.6,214.6,214.6,7785600
2021-04-08T14:58:00+0530,27909,213.45,213.5,213.4,213.4,213.45,0,2021-04-08T14:58:00+0530,44800,214.9,214.9,214.85,214.85,214.9,109840000,2021-04-08T14:58:00+0530,3200,214.85,214.85,214.6,214.6,214.85,7788800
2021-04-08T14:59:00+0530,102654,213.1,213.45,213.05,213.4,213.1,0,2021-04-08T14:59:00+0530,172800,214.55,214.9,214.55,214.8,214.55,109840000,2021-04-08T14:59:00+0530,0,214.5,214.85,214.5,214.85,214.5,7788800
2021-04-08T15:00:00+0530,58393,213.15,213.25,213.05,213.2,213.15,0,2021-04-08T15:00:00+0530,233600,214.5,214.55,214.4,214.5,214.5,109939200,2021-04-08T15:00:00+0530,3200,214.5,214.5,214.5,214.5,214.5,7788800
2021-04-08T15:01:00+0530,35975,213.25,213.25,213.1,213.15,213.25,0,2021-04-08T15:01:00+0530,83200,214.55,214.55,214.4,214.45,214.55,109939200,2021-04-08T15:01:00+0530,0,214.5,214.5,214.5,214.5,214.5,7788800
2021-04-08T15:02:00+0530,30718,213.2,213.25,213.2,213.25,213.2,0,2021-04-08T15:02:00+0530,76800,214.55,214.65,214.5,214.55,214.55,109939200,2021-04-08T15:02:00+0530,0,214.5,214.5,214.5,214.5,214.5,7788800
2021-04-08T15:03:00+0530,56845,213.2,213.3,213.15,213.2,213.2,0,2021-04-08T15:03:00+0530,22400,214.65,214.7,214.55,214.55,214.65,110016000,2021-04-08T15:03:00+0530,0,214.5,214.5,214.5,214.5,214.5,7788800
2021-04-08T15:04:00+0530,134036,213.45,213.45,213.2,213.25,213.45,0,2021-04-08T15:04:00+0530,112000,214.75,214.75,214.55,214.65,214.75,110016000,2021-04-08T15:04:00+0530,3200,214.55,214.55,214.5,214.5,214.55,7795200
2021-04-08T15:05:00+0530,65109,213.4,213.45,213.25,213.35,213.4,0,2021-04-08T15:05:00+0530,41600,214.75,214.75,214.65,214.7,214.75,110016000,2021-04-08T15:05:00+0530,0,214.55,214.55,214.55,214.55,214.55,7795200
2021-04-08T15:06:00+0530,63731,213.4,213.5,213.3,213.35,213.4,0,2021-04-08T15:06:00+0530,83200,214.85,214.9,214.75,214.75,214.85,110092800,2021-04-08T15:06:00+0530,3200,214.75,214.75,214.55,214.55,214.75,7795200
2021-04-08T15:07:00+0530,46077,213.4,213.5,213.35,213.45,213.4,0,2021-04-08T15:07:00+0530,44800,214.85,214.85,214.8,214.85,214.85,110092800,2021-04-08T15:07:00+0530,0,214.75,214.75,214.75,214.75,214.75,7795200
2021-04-08T15:08:00+0530,39038,213.45,213.5,213.4,213.45,213.45,0,2021-04-08T15:08:00+0530,12800,214.7,214.85,214.7,214.85,214.7,110092800,2021-04-08T15:08:00+0530,0,214.75,214.75,214.75,214.75,214.75,7795200
2021-04-08T15:09:00+0530,36391,213.3,213.4,213.25,213.4,213.3,0,2021-04-08T15:09:00+0530,48000,214.6,214.75,214.6,214.7,214.6,110121600,2021-04-08T15:09:00+0530,9600,214.5,214.75,214.5,214.75,214.5,7798400
2021-04-08T15:10:00+0530,79043,213.1,213.3,213.1,213.3,213.1,0,2021-04-08T15:10:00+0530,102400,214.45,214.6,214.45,214.6,214.45,110121600,2021-04-08T15:10:00+0530,0,214.5,214.5,214.5,214.5,214.5,7798400
2021-04-08T15:11:00+0530,119493,213.05,213.2,213.0,213.1,213.05,0,2021-04-08T15:11:00+0530,76800,214.3,214.45,214.3,214.45,214.3,110121600,2021-04-08T15:11:00+0530,3200,214.4,214.5,214.4,214.4,214.4,7804800
2021-04-08T15:12:00+0530,52272,213.0,213.05,213.0,213.05,213.0,0,2021-04-08T15:12:00+0530,57600,214.3,214.4,214.25,214.3,214.3,110227200,2021-04-08T15:12:00+0530,12800,214.25,214.4,214.15,214.4,214.25,7804800
2021-04-08T15:13:00+0530,35665,212.95,213.0,212.9,212.95,212.95,0,2021-04-08T15:13:00+0530,64000,214.3,214.35,214.2,214.3,214.3,110227200,2021-04-08T15:13:00+0530,0,214.25,214.25,214.25,214.25,214.25,7804800
2021-04-08T15:14:00+0530,70742,212.95,213.0,212.9,212.95,212.95,0,2021-04-08T15:14:00+0530,80000,214.3,214.45,214.2,214.3,214.3,110227200,2021-04-08T15:14:00+0530,0,214.25,214.25,214.25,214.25,214.25,7804800
2021-04-08T15:15:00+0530,98352,213.25,213.25,212.9,212.9,213.25,0,2021-04-08T15:15:00+0530,166400,214.6,214.6,214.25,214.35,214.6,110201600,2021-04-08T15:15:00+0530,0,214.25,214.25,214.25,214.25,214.25,7804800
2021-04-08T15:16:00+0530,231987,213.5,213.5,213.1,213.2,213.5,0,2021-04-08T15:16:00+0530,96000,214.7,214.7,214.5,214.6,214.7,110201600,2021-04-08T15:16:00+0530,0,214.25,214.25,214.25,214.25,214.25,7804800
2021-04-08T15:17:00+0530,65037,213.4,213.5,213.35,213.5,213.4,0,2021-04-08T15:17:00+0530,99200,214.75,214.85,214.7,214.75,214.75,110201600,2021-04-08T15:17:00+0530,0,214.25,214.25,214.25,214.25,214.25,7804800
2021-04-08T15:18:00+0530,84231,213.25,213.45,213.2,213.4,213.25,0,2021-04-08T15:18:00+0530,92800,214.65,214.8,214.6,214.75,214.65,110208000,2021-04-08T15:18:00+0530,3200,214.65,214.65,214.25,214.25,214.65,7811200
2021-04-08T15:19:00+0530,127800,213.15,213.4,213.1,213.4,213.15,0,2021-04-08T15:19:00+0530,48000,214.55,214.7,214.55,214.7,214.55,110208000,2021-04-08T15:19:00+0530,9600,214.45,214.65,214.45,214.65,214.45,7814400
2021-04-08T15:20:00+0530,88195,213.1,213.35,213.05,213.15,213.1,0,2021-04-08T15:20:00+0530,128000,214.5,214.8,214.5,214.55,214.5,110208000,2021-04-08T15:20:00+0530,0,214.45,214.45,214.45,214.45,214.45,7814400
2021-04-08T15:21:00+0530,237116,213.1,213.25,213.0,213.05,213.1,0,2021-04-08T15:21:00+0530,179200,214.55,214.65,214.5,214.5,214.55,110169600,2021-04-08T15:21:00+0530,0,214.45,214.45,214.45,214.45,214.45,7814400
2021-04-08T15:22:00+0530,57011,213.3,213.4,213.1,213.2,213.3,0,2021-04-08T15:22:00+0530,115200,214.7,214.75,214.55,214.6,214.7,110169600,2021-04-08T15:22:00+0530,6400,214.65,214.7,214.45,214.45,214.65,7814400
2021-04-08T15:23:00+0530,38489,213.4,213.4,213.25,213.3,213.4,0,2021-04-08T15:23:00+0530,44800,214.65,214.7,214.6,214.7,214.65,110169600,2021-04-08T15:23:00+0530,6400,214.65,214.65,214.6,214.65,214.65,7814400
2021-04-08T15:24:00+0530,64715,213.25,213.4,213.2,213.25,213.25,0,2021-04-08T15:24:00+0530,64000,214.75,214.75,214.55,214.65,214.75,110201600,2021-04-08T15:24:00+0530,9600,214.45,214.65,214.45,214.65,214.45,7814400
2021-04-08T15:25:00+0530,42262,213.2,213.35,213.15,213.35,213.2,0,2021-04-08T15:25:00+0530,92800,214.5,214.75,214.5,214.75,214.5,110201600,2021-04-08T15:25:00+0530,0,214.4,214.55,214.4,214.45,214.4,7827200
2021-04-08T15:26:00+0530,64571,213.25,213.3,213.15,213.2,213.25,0,2021-04-08T15:26:00+0530,102400,214.6,214.7,214.5,214.5,214.6,110201600,2021-04-08T15:26:00+0530,6400,214.4,214.4,214.4,214.4,214.4,7827200
2021-04-08T15:27:00+0530,83736,213.3,213.35,213.2,213.25,213.3,0,2021-04-08T15:27:00+0530,140800,214.65,214.7,214.6,214.6,214.65,110201600,2021-04-08T15:27:00+0530,3200,214.55,214.55,214.4,214.4,214.55,7827200
2021-04-08T15:28:00+0530,78688,213.3,213.35,213.25,213.25,213.3,0,2021-04-08T15:28:00+0530,96000,214.65,214.75,214.65,214.65,214.65,110192000,2021-04-08T15:28:00+0530,0,214.55,214.55,214.55,214.55,214.55,7827200
2021-04-08T15:29:00+0530,83669,213.35,213.5,213.25,213.35,213.35,0,2021-04-08T15:29:00+0530,115200,214.8,214.8,214.65,214.65,214.8,110192000,2021-04-08T15:29:00+0530,9600,214.75,214.75,214.5,214.55,214.75,7827200
